,Account Name,Reel Link
0,louby_love,https://www.instagram.com/reel/Cv0JeWlN4WY/
1,louby_love,https://www.instagram.com/reel/CvvBJI5NvZW/
2,louby_love,https://www.instagram.com/reel/Cvc8yyLtKg2/
3,louby_love,https://www.instagram.com/reel/CvYAq3vNgq4/
4,louby_love,https://www.instagram.com/reel/CuureCtpyAF/
5,louby_love,https://www.instagram.com/reel/CuhxnLQpi-A/
6,louby_love,https://www.instagram.com/reel/CuH_Lc6LOJk/
7,louby_love,https://www.instagram.com/reel/Ct7LM1-tkox/
8,louby_love,https://www.instagram.com/reel/CtuS6OWpz7t/
9,louby_love,https://www.instagram.com/reel/CtmnMZCgLuQ/
10,louby_love,https://www.instagram.com/reel/CtexbDvg03_/
11,louby_love,https://www.instagram.com/reel/CtXEmJquR8K/
12,carefreegoldens,https://www.instagram.com/reel/CwMaH7BM7m6/
13,carefreegoldens,https://www.instagram.com/reel/CwJ8uK0sZdb/
14,carefreegoldens,https://www.instagram.com/reel/CwI6REeqBLn/
15,carefreegoldens,https://www.instagram.com/reel/CwHf0c8K7U1/
16,carefreegoldens,https://www.instagram.com/reel/CwGMs4-qx8C/
17,carefreegoldens,https://www.instagram.com/reel/CwDe6ctqes5/
18,carefreegoldens,https://www.instagram.com/reel/CwBv-n0smt8/
19,carefreegoldens,https://www.instagram.com/reel/Cv_Z-qePHYW/
20,carefreegoldens,https://www.instagram.com/reel/Cv-HgFIrUqb/
21,carefreegoldens,https://www.instagram.com/reel/Cv8RDAeOWqj/
22,carefreegoldens,https://www.instagram.com/reel/Cv5PFguOIlx/
23,carefreegoldens,https://www.instagram.com/reel/Cv1E_nyvR-q/
24,artur_teckel,https://www.instagram.com/reel/CwMxh6JsXKn/
25,artur_teckel,https://www.instagram.com/reel/CwLOS3rsD1T/
26,artur_teckel,https://www.instagram.com/reel/CwIgnQ4sbIp/
27,artur_teckel,https://www.instagram.com/reel/CwHtMN5s3xy/
28,artur_teckel,https://www.instagram.com/reel/CwFk6d6Mhhx/
29,artur_teckel,https://www.instagram.com/reel/CwC84V3MMu0/
30,artur_teckel,https://www.instagram.com/reel/CwAUOUDAr1j/
31,artur_teckel,https://www.instagram.com/reel/Cv-dH1VAGz6/
32,artur_teckel,https://www.instagram.com/reel/Cv71CCUAoMx/
33,artur_teckel,https://www.instagram.com/reel/Cv4ZlWggrSO/
34,artur_teckel,https://www.instagram.com/reel/Cv2kMi4gXFB/
35,artur_teckel,https://www.instagram.com/reel/Cv0I8y1ghUZ/
36,onlyfornatures,https://www.instagram.com/reel/CwNK0OJq94J/
37,onlyfornatures,https://www.instagram.com/reel/CwMzY5_MvW5/
38,onlyfornatures,https://www.instagram.com/reel/CwMXfPrK3Su/
39,onlyfornatures,https://www.instagram.com/reel/CwLWpSLoiSa/
40,onlyfornatures,https://www.instagram.com/reel/CwLSEeZIMCV/
41,onlyfornatures,https://www.instagram.com/reel/CwLAZL7oz61/
42,onlyfornatures,https://www.instagram.com/reel/CwIrFgiMzfl/
43,onlyfornatures,https://www.instagram.com/reel/CwIKPyzsjiU/
44,onlyfornatures,https://www.instagram.com/reel/CwHQwsbqmrF/
45,onlyfornatures,https://www.instagram.com/reel/CwGKa4OoU52/
46,onlyfornatures,https://www.instagram.com/reel/CwGHJYQMAJP/
47,onlyfornatures,https://www.instagram.com/reel/CwFs6T4sq_b/
48,onathestandardpoodle,https://www.instagram.com/reel/CwMyerNBXgE/
49,onathestandardpoodle,https://www.instagram.com/reel/CvuQ-cwAYyP/
50,onathestandardpoodle,https://www.instagram.com/reel/CvWzEq1gu5M/
51,onathestandardpoodle,https://www.instagram.com/reel/CvHhNt9AEJo/
52,onathestandardpoodle,https://www.instagram.com/reel/CvC9t1VgC88/
53,onathestandardpoodle,https://www.instagram.com/reel/CuosM0WAkFG/
54,onathestandardpoodle,https://www.instagram.com/reel/Ct0pq55ozJR/
55,onathestandardpoodle,https://www.instagram.com/reel/CtO67PkA-mz/
56,onathestandardpoodle,https://www.instagram.com/reel/CtD9QRpAAyL/
57,onathestandardpoodle,https://www.instagram.com/reel/Cs8WvrbgJo8/
58,onathestandardpoodle,https://www.instagram.com/reel/Cs3PU5VgUy9/
59,onathestandardpoodle,https://www.instagram.com/reel/CsvaFzaAXeT/
60,retrievercuteness,https://www.instagram.com/reel/CwBV0TBoIHf/
61,retrievercuteness,https://www.instagram.com/reel/Cv6_QKuIJ7w/
62,retrievercuteness,https://www.instagram.com/reel/CvzMH0_ofrs/
63,retrievercuteness,https://www.instagram.com/reel/CvuAqoUII0o/
64,retrievercuteness,https://www.instagram.com/reel/CuUJk6pIrOw/
65,retrievercuteness,https://www.instagram.com/reel/Cs_uzsdIS2r/
66,retrievercuteness,https://www.instagram.com/reel/Cs117aWIANE/
67,retrievercuteness,https://www.instagram.com/reel/CsytsX-oC-S/
68,retrievercuteness,https://www.instagram.com/reel/Csvu5zAoZRA/
69,retrievercuteness,https://www.instagram.com/reel/CsjFVmToxE0/
70,retrievercuteness,https://www.instagram.com/reel/CseY3keooQZ/
71,retrievercuteness,https://www.instagram.com/reel/CsMBwkro6X2/
72,the_bilbopuggins,https://www.instagram.com/reel/CwEI8uGp78U/
73,the_bilbopuggins,https://www.instagram.com/reel/CvyFGfWJ_g5/
74,the_bilbopuggins,https://www.instagram.com/reel/CvddfhTJnNo/
75,the_bilbopuggins,https://www.instagram.com/reel/Cu_ORK7rlYh/
76,the_bilbopuggins,https://www.instagram.com/reel/CuW3031ggYW/
77,the_bilbopuggins,https://www.instagram.com/reel/Ct-Qei_pMnS/
78,the_bilbopuggins,https://www.instagram.com/reel/Cs90hGfptCF/
79,the_bilbopuggins,https://www.instagram.com/reel/CscgUl9urOc/
80,the_bilbopuggins,https://www.instagram.com/reel/CsHyMC0p5pI/
81,the_bilbopuggins,https://www.instagram.com/reel/Cr4Wt0apFSD/
82,the_bilbopuggins,https://www.instagram.com/reel/CrjxjkqJfFw/
83,the_bilbopuggins,https://www.instagram.com/reel/Crb943mJMqL/
84,kazu.pet.stay,https://www.instagram.com/reel/CwL2LFAs56n/
85,kazu.pet.stay,https://www.instagram.com/reel/CwJVadnumHu/
86,kazu.pet.stay,https://www.instagram.com/reel/CwGt-luNSi1/
87,kazu.pet.stay,https://www.instagram.com/reel/CwEQXjmJxTr/
88,kazu.pet.stay,https://www.instagram.com/reel/CwBV104BmbS/
89,kazu.pet.stay,https://www.instagram.com/reel/Cv_AXoEv5Vp/
90,kazu.pet.stay,https://www.instagram.com/reel/Cv8UufKuehf/
91,kazu.pet.stay,https://www.instagram.com/reel/Cv53ZbIpnfL/
92,kazu.pet.stay,https://www.instagram.com/reel/Cv3FQ2nuAby/
93,kazu.pet.stay,https://www.instagram.com/reel/Cv0-TGtLz9H/
94,kazu.pet.stay,https://www.instagram.com/reel/CvvUO7EMmEv/
95,kazu.pet.stay,https://www.instagram.com/reel/CvtlOe0MrtA/
96,cocoa_s0907,https://www.instagram.com/reel/Cv4mF-DsPQ0/
97,cocoa_s0907,https://www.instagram.com/reel/CvcRVYNrm9q/
98,cocoa_s0907,https://www.instagram.com/reel/CvR-Y5nOVWI/
99,cocoa_s0907,https://www.instagram.com/reel/CvCgpRdLoRe/
100,cocoa_s0907,https://www.instagram.com/reel/CuzEWg9uUn2/
101,cocoa_s0907,https://www.instagram.com/reel/CujoCYRtdYM/
102,cocoa_s0907,https://www.instagram.com/reel/CuJ4ZedrwYV/
103,cocoa_s0907,https://www.instagram.com/reel/Ct1R6Pmuvea/
104,cocoa_s0907,https://www.instagram.com/reel/Ctq--kWuQ6Z/
105,cocoa_s0907,https://www.instagram.com/reel/CtWYaFov8mj/
106,cocoa_s0907,https://www.instagram.com/reel/Crx9PLIAL4T/
107,cocoa_s0907,https://www.instagram.com/reel/CrnqQe2vbxM/
108,cu.tevideos,https://www.instagram.com/reel/Csv9OtZIdn2/
109,cu.tevideos,https://www.instagram.com/reel/CspwB1IIxtX/
110,cu.tevideos,https://www.instagram.com/reel/CsklMzwIwKM/
111,cu.tevideos,https://www.instagram.com/reel/CsiAohyo603/
112,cu.tevideos,https://www.instagram.com/reel/CsfeLgHo5OL/
113,cu.tevideos,https://www.instagram.com/reel/CsaThw4JkFR/
114,cu.tevideos,https://www.instagram.com/reel/CsXwkXKosNa/
115,cu.tevideos,https://www.instagram.com/reel/CsWcameIQGT/
116,cu.tevideos,https://www.instagram.com/reel/CsVH116I8iM/
117,cu.tevideos,https://www.instagram.com/reel/CsT4g0Sojql/
118,cu.tevideos,https://www.instagram.com/reel/CsSkLTcJ6mA/
119,cu.tevideos,https://www.instagram.com/reel/CsQCoRvJJT3/
120,juo__official,https://www.instagram.com/reel/Cvy8whOtuYc/
121,juo__official,https://www.instagram.com/reel/CuqocpQOweu/
122,juo__official,https://www.instagram.com/reel/Ct0l3gnvAha/
123,juo__official,https://www.instagram.com/reel/CspwGBRPk7H/
124,juo__official,https://www.instagram.com/reel/CsPsY1QvB2m/
125,juo__official,https://www.instagram.com/reel/CsC3XH_LMYm/
126,juo__official,https://www.instagram.com/reel/Cr9_0U2gUJ_/
127,juo__official,https://www.instagram.com/reel/Cr5mwRguQ_m/
128,juo__official,https://www.instagram.com/reel/CrzssYpt5Np/
129,juo__official,https://www.instagram.com/reel/CrxG-Y7P6Jk/
130,juo__official,https://www.instagram.com/reel/CriGzFTrAzV/
131,juo__official,https://www.instagram.com/reel/CrcUDo1ujtV/
132,leo_golden_girl123,https://www.instagram.com/reel/CwFoliNxI91/
133,leo_golden_girl123,https://www.instagram.com/reel/Cv33TOcs8cZ/
134,leo_golden_girl123,https://www.instagram.com/reel/Cvl4Z-1gFM9/
135,leo_golden_girl123,https://www.instagram.com/reel/CvUmt-YMoUK/
136,leo_golden_girl123,https://www.instagram.com/reel/CvRTlNzJVMX/
137,leo_golden_girl123,https://www.instagram.com/reel/Cu91YNbNu5o/
138,leo_golden_girl123,https://www.instagram.com/reel/CtrUdNkvOl_/
139,leo_golden_girl123,https://www.instagram.com/reel/CthLEVMPB6D/
140,leo_golden_girl123,https://www.instagram.com/reel/Ctb0uXrNtrO/
141,leo_golden_girl123,https://www.instagram.com/reel/CtYs8FAvWDy/
142,leo_golden_girl123,https://www.instagram.com/reel/CtYeToWM9Qz/
143,leo_golden_girl123,https://www.instagram.com/reel/CtWuvsyuBi1/
144,i_am_rugis_28,https://www.instagram.com/reel/CsdVNBtIxEe/
145,i_am_rugis_28,https://www.instagram.com/reel/CrdtdywIAQz/
146,i_am_rugis_28,https://www.instagram.com/reel/CqVyqnPKeeJ/
147,i_am_rugis_28,https://www.instagram.com/reel/CoVOQ5dISpf/
148,i_am_rugis_28,https://www.instagram.com/reel/CngY4BPqS8z/
149,i_am_rugis_28,https://www.instagram.com/reel/Cna7fnVqHPD/
150,i_am_rugis_28,https://www.instagram.com/reel/Cna58t5oyfK/
151,i_am_rugis_28,https://www.instagram.com/reel/CnSpKILIq41/
152,i_am_rugis_28,https://www.instagram.com/reel/CnSjv5DIkdE/
153,i_am_rugis_28,https://www.instagram.com/reel/CnSijfBKdF2/
154,i_am_rugis_28,https://www.instagram.com/reel/CnMikZno-LZ/
155,i_am_rugis_28,https://www.instagram.com/reel/CnMhoi5o9cp/
156,mera_naam_sheru,https://www.instagram.com/reel/CwE8WKSKXEP/
157,mera_naam_sheru,https://www.instagram.com/reel/CvysOpROcNh/
158,mera_naam_sheru,https://www.instagram.com/reel/CvrLdhfNibV/
159,mera_naam_sheru,https://www.instagram.com/reel/CvprMYzRa9o/
160,mera_naam_sheru,https://www.instagram.com/reel/CvgzxK2M8g1/
161,mera_naam_sheru,https://www.instagram.com/reel/CvfO4sQRN6F/
162,mera_naam_sheru,https://www.instagram.com/reel/CvcfgF2RK6m/
163,mera_naam_sheru,https://www.instagram.com/reel/CvbtqYst7Sy/
164,mera_naam_sheru,https://www.instagram.com/reel/CvZGXxTMNo2/
165,mera_naam_sheru,https://www.instagram.com/reel/CvWed8Hg34I/
166,mera_naam_sheru,https://www.instagram.com/reel/CvUxr90uYc9/
167,mera_naam_sheru,https://www.instagram.com/reel/CvSxXriOQbS/
168,flywithrohan,https://www.instagram.com/reel/CwLKVD7tCie/
169,flywithrohan,https://www.instagram.com/reel/Cv0PcTcIwWj/
170,flywithrohan,https://www.instagram.com/reel/CvUhub9IVC2/
171,flywithrohan,https://www.instagram.com/reel/CuyMff4S-Fi/
172,flywithrohan,https://www.instagram.com/reel/Ct_kpljovOa/
173,flywithrohan,https://www.instagram.com/reel/Ctwe-TtIkRh/
174,flywithrohan,https://www.instagram.com/reel/CtpBKe4IuOm/
175,flywithrohan,https://www.instagram.com/reel/Cs4cl-lo5WL/
176,flywithrohan,https://www.instagram.com/reel/CsEN78to7Cb/
177,flywithrohan,https://www.instagram.com/reel/CsDqPqfIxNE/
178,flywithrohan,https://www.instagram.com/reel/Cr25OB1q8L5/
179,flywithrohan,https://www.instagram.com/reel/Crx80dSI3Ky/
180,brewerthemountaindog,https://www.instagram.com/reel/CwIcQ0CMUqd/
181,brewerthemountaindog,https://www.instagram.com/reel/CvlS95dR3DX/
182,brewerthemountaindog,https://www.instagram.com/reel/CvRPRZtuZmt/
183,brewerthemountaindog,https://www.instagram.com/reel/CuumJ18Ompo/
184,brewerthemountaindog,https://www.instagram.com/reel/CutM71YRtjP/
185,brewerthemountaindog,https://www.instagram.com/reel/Cum3PyBND41/
186,brewerthemountaindog,https://www.instagram.com/reel/CudsIQcM1O4/
187,brewerthemountaindog,https://www.instagram.com/reel/Ctwsj7GJpCG/
188,brewerthemountaindog,https://www.instagram.com/reel/CthsuUYsKaD/
189,brewerthemountaindog,https://www.instagram.com/reel/Cshkd9QMkYO/
190,brewerthemountaindog,https://www.instagram.com/reel/CrtqEV0gvfQ/
191,brewerthemountaindog,https://www.instagram.com/reel/Cn2FXexJytM/
192,jackrushit,https://www.instagram.com/reel/CuP-9_BI_C5/
193,jackrushit,https://www.instagram.com/reel/CgZp7TMDeMV/
194,jackrushit,https://www.instagram.com/reel/CgSX8FSjWAj/
195,jackrushit,https://www.instagram.com/reel/CgSTU3zDd6j/
196,jackrushit,https://www.instagram.com/reel/CcspKbxj3TN/
197,jackrushit,https://www.instagram.com/reel/CKMgbeMh3H5/
198,jackrushit,https://www.instagram.com/reel/CJ1OVuKBUle/
199,jackrushit,https://www.instagram.com/reel/CJ1IpXPBrP1/
200,jackrushit,https://www.instagram.com/reel/CIykzTah5Jl/
201,jackrushit,https://www.instagram.com/reel/CIykGqcBoP7/
202,jackrushit,https://www.instagram.com/reel/CIyjvomhPRz/
203,jackrushit,https://www.instagram.com/reel/CIyjeaKB-8T/
204,ragu_thedog,https://www.instagram.com/reel/Cv0Sk1-gmuV/
205,ragu_thedog,https://www.instagram.com/reel/CvpYETerAbN/
206,_perfect__shutters,https://www.instagram.com/reel/CvZm5HzoFMh/
207,_perfect__shutters,https://www.instagram.com/reel/CvHpQKrIZso/
208,_perfect__shutters,https://www.instagram.com/reel/Cu4ZDicozI_/
209,_perfect__shutters,https://www.instagram.com/reel/CuzCWzxIK-0/
210,_perfect__shutters,https://www.instagram.com/reel/CurSYJwoeou/
211,_perfect__shutters,https://www.instagram.com/reel/CuhQ8w1IwuF/
212,_perfect__shutters,https://www.instagram.com/reel/Cudo5wlIMJm/
213,_perfect__shutters,https://www.instagram.com/reel/CubJ1NevX9A/
214,_perfect__shutters,https://www.instagram.com/reel/CuTnluFoCNe/
215,_perfect__shutters,https://www.instagram.com/reel/CuOQNiBIrVu/
216,_perfect__shutters,https://www.instagram.com/reel/CuLtjZhqlV7/
217,_perfect__shutters,https://www.instagram.com/reel/CuJzZVIK-Zq/
218,sam_the_german,https://www.instagram.com/reel/CwIzKxfq789/
219,sam_the_german,https://www.instagram.com/reel/CwFvmy0IV6i/
220,sam_the_german,https://www.instagram.com/reel/CwBpyTbpsy2/
221,sam_the_german,https://www.instagram.com/reel/Cv_Y6zvIuUx/
222,sam_the_german,https://www.instagram.com/reel/Cv8-_0DIgvI/
223,sam_the_german,https://www.instagram.com/reel/Cv3smVWKybg/
224,sam_the_german,https://www.instagram.com/reel/Cv2jPO4KJUt/
225,sam_the_german,https://www.instagram.com/reel/Cv0shbqolZd/
226,sam_the_german,https://www.instagram.com/reel/CvzxW3qIo6l/
227,sam_the_german,https://www.instagram.com/reel/CvxQOmgonDO/
228,sam_the_german,https://www.instagram.com/reel/CvuuCnDoC2B/
229,sam_the_german,https://www.instagram.com/reel/CvtDXx8oqle/
230,australianbaroqueriding,https://www.instagram.com/reel/CwEytKwg5T7/
231,australianbaroqueriding,https://www.instagram.com/reel/CwB0Nc4gtIl/
232,australianbaroqueriding,https://www.instagram.com/reel/Cv6g88aAX8O/
233,australianbaroqueriding,https://www.instagram.com/reel/Cv1CxLOANjs/
234,australianbaroqueriding,https://www.instagram.com/reel/CvzcyDuAGvO/
235,australianbaroqueriding,https://www.instagram.com/reel/Cvww-TeggpF/
236,australianbaroqueriding,https://www.instagram.com/reel/CvuKaI6gp66/
237,australianbaroqueriding,https://www.instagram.com/reel/CvsExSuAKhB/
238,australianbaroqueriding,https://www.instagram.com/reel/CvrBrAfAZCN/
239,australianbaroqueriding,https://www.instagram.com/reel/CvoAE1DgrLS/
240,australianbaroqueriding,https://www.instagram.com/reel/CvmdicqA9h0/
241,australianbaroqueriding,https://www.instagram.com/reel/CvUlQ-4ABsj/
242,omundodivertidodedandara,https://www.instagram.com/reel/CwLiQI1JGHG/
243,omundodivertidodedandara,https://www.instagram.com/reel/CwAxgPLK5zt/
244,omundodivertidodedandara,https://www.instagram.com/reel/Cv45znsokrN/
245,omundodivertidodedandara,https://www.instagram.com/reel/CviCXnWp_wb/
246,omundodivertidodedandara,https://www.instagram.com/reel/Cu8mt19IxE6/
247,omundodivertidodedandara,https://www.instagram.com/reel/CuKwCO5JNy6/
248,omundodivertidodedandara,https://www.instagram.com/reel/Ct4l71mpwXs/
249,omundodivertidodedandara,https://www.instagram.com/reel/CtmzzOFp0qQ/
250,omundodivertidodedandara,https://www.instagram.com/reel/CsxEtKZpPdD/
251,omundodivertidodedandara,https://www.instagram.com/reel/CsqzYchIROY/
252,omundodivertidodedandara,https://www.instagram.com/reel/CrjYq4qps8v/
253,omundodivertidodedandara,https://www.instagram.com/reel/CrRKnY4puJh/
254,prettygoldens,https://www.instagram.com/reel/CuhphkdLNzG/
255,prettygoldens,https://www.instagram.com/reel/Ck1txroMZjQ/
256,prettygoldens,https://www.instagram.com/reel/Ci_AQs9NR6f/
257,prettygoldens,https://www.instagram.com/reel/Ci55yQHtT-R/
258,prettygoldens,https://www.instagram.com/reel/CiGofzipJ6k/
259,prettygoldens,https://www.instagram.com/reel/Cgzu1baBPnX/
260,prettygoldens,https://www.instagram.com/reel/CgxlLYJlUzN/
261,prettygoldens,https://www.instagram.com/reel/CgXC2kKlWwp/
262,prettygoldens,https://www.instagram.com/reel/CgXBbUBl3Qh/
263,prettygoldens,https://www.instagram.com/reel/CgHeVpHI0xt/
264,prettygoldens,https://www.instagram.com/reel/CgEt8naIGg7/
265,prettygoldens,https://www.instagram.com/reel/Cfx9qN7ocbp/
266,tailwaggingcoco,https://www.instagram.com/reel/CwMQquopHTd/
267,tailwaggingcoco,https://www.instagram.com/reel/CwIBAV7pPaB/
268,tailwaggingcoco,https://www.instagram.com/reel/CwFKAxwJ2g0/
269,tailwaggingcoco,https://www.instagram.com/reel/CwDO-TkJArR/
270,tailwaggingcoco,https://www.instagram.com/reel/CwCEygYJU5a/
271,tailwaggingcoco,https://www.instagram.com/reel/Cv_sK_OpF-J/
272,tailwaggingcoco,https://www.instagram.com/reel/Cv9YoGXpYk4/
273,tailwaggingcoco,https://www.instagram.com/reel/Cv7NNc4JsSp/
274,tailwaggingcoco,https://www.instagram.com/reel/CvzUvBBpsnS/
275,tailwaggingcoco,https://www.instagram.com/reel/Cvw9ri_pNfs/
276,tailwaggingcoco,https://www.instagram.com/reel/CvrtSxVJL28/
277,tailwaggingcoco,https://www.instagram.com/reel/CvaNd3ppdb0/
278,zoemarietheaussie,https://www.instagram.com/reel/CwJNEUxJkt_/
279,zoemarietheaussie,https://www.instagram.com/reel/CwDzdcaJRE6/
280,zoemarietheaussie,https://www.instagram.com/reel/Cv5WTg3JZt3/
281,zoemarietheaussie,https://www.instagram.com/reel/CvqPiRYJnLV/
282,zoemarietheaussie,https://www.instagram.com/reel/CvZkqkNuhf0/
283,zoemarietheaussie,https://www.instagram.com/reel/CvP63I-tPu6/
284,zoemarietheaussie,https://www.instagram.com/reel/CvKHU_ssrny/
285,zoemarietheaussie,https://www.instagram.com/reel/CvFoHiLsXYu/
286,zoemarietheaussie,https://www.instagram.com/reel/Cu5BZBBpD53/
287,zoemarietheaussie,https://www.instagram.com/reel/Cu4Gi2aNOCw/
288,zoemarietheaussie,https://www.instagram.com/reel/Cuy_f_oRFrv/
289,zoemarietheaussie,https://www.instagram.com/reel/CuwrpU0xLC5/
290,sir.charliewinston.doodle,https://www.instagram.com/reel/CvlRwQQggpc/
291,sir.charliewinston.doodle,https://www.instagram.com/reel/CvhogDBg6ph/
292,sir.charliewinston.doodle,https://www.instagram.com/reel/Cvcnl6mA2bM/
293,sir.charliewinston.doodle,https://www.instagram.com/reel/CvVP5iBgrzp/
294,sir.charliewinston.doodle,https://www.instagram.com/reel/CvSdP5TAQ2j/
295,sir.charliewinston.doodle,https://www.instagram.com/reel/CvQxtCiJTRV/
296,sir.charliewinston.doodle,https://www.instagram.com/reel/CvNMqSyg5A6/
297,sir.charliewinston.doodle,https://www.instagram.com/reel/CvAD9kmgtDT/
298,sir.charliewinston.doodle,https://www.instagram.com/reel/CumaXXEg8UQ/
299,sir.charliewinston.doodle,https://www.instagram.com/reel/Cue9KlXAWmO/
300,sir.charliewinston.doodle,https://www.instagram.com/reel/CuW9q_Sgiag/
301,sir.charliewinston.doodle,https://www.instagram.com/reel/CuSJDFlgafs/
302,beginnerdogs,https://www.instagram.com/reel/CwKv0MPgVX0/
303,beginnerdogs,https://www.instagram.com/reel/CwIE7hbg5nL/
304,beginnerdogs,https://www.instagram.com/reel/CwFlNk-AI4a/
305,beginnerdogs,https://www.instagram.com/reel/CwC-NTqASYo/
306,beginnerdogs,https://www.instagram.com/reel/CwAXMNIAt4U/
307,beginnerdogs,https://www.instagram.com/reel/Cv_dc7UAc3C/
308,beginnerdogs,https://www.instagram.com/reel/Cv90tMEgSqc/
309,beginnerdogs,https://www.instagram.com/reel/Cv7O8kcARJD/
310,beginnerdogs,https://www.instagram.com/reel/Cv4oq3lATVh/
311,beginnerdogs,https://www.instagram.com/reel/Cv2Y1EfAga8/
312,beginnerdogs,https://www.instagram.com/reel/CvzhPywg4Zs/
313,beginnerdogs,https://www.instagram.com/reel/CvuU3bmAS-U/
314,balletbarrefitness,https://www.instagram.com/reel/CwFeYHXNqvm/
315,balletbarrefitness,https://www.instagram.com/reel/CwAduottsQV/
316,balletbarrefitness,https://www.instagram.com/reel/Cv703qDN1sQ/
317,balletbarrefitness,https://www.instagram.com/reel/Cv12l7wNHKp/
318,balletbarrefitness,https://www.instagram.com/reel/CvrZypFNlt-/
319,balletbarrefitness,https://www.instagram.com/reel/Cu_ovonOWj6/
320,balletbarrefitness,https://www.instagram.com/reel/CurVQ2yr9dN/
321,balletbarrefitness,https://www.instagram.com/reel/CuZ5fXtNsxX/
322,balletbarrefitness,https://www.instagram.com/reel/CuOmNbfpFn7/
323,balletbarrefitness,https://www.instagram.com/reel/CuHZ3C9OLWk/
324,balletbarrefitness,https://www.instagram.com/reel/Ctw1sg8gEv5/
325,balletbarrefitness,https://www.instagram.com/reel/Cta8-7dRQDa/
326,thisbeanspins,https://www.instagram.com/reel/CwCPZ7YN4-G/
327,thisbeanspins,https://www.instagram.com/reel/Cv6uIIktlVX/
328,thisbeanspins,https://www.instagram.com/reel/Cv259XrN5N1/
329,thisbeanspins,https://www.instagram.com/reel/Cv1dfDmNlW_/
330,thisbeanspins,https://www.instagram.com/reel/Cvy68QGtIT_/
331,thisbeanspins,https://www.instagram.com/reel/CvwWFV4tAB6/
332,thisbeanspins,https://www.instagram.com/reel/CvjgUX2NzOq/
333,thisbeanspins,https://www.instagram.com/reel/CveffzFNbqO/
334,thisbeanspins,https://www.instagram.com/reel/Cvbt4c4tV55/
335,thisbeanspins,https://www.instagram.com/reel/CvZbYFatUFX/
336,thisbeanspins,https://www.instagram.com/reel/CvXG36ctXXq/
337,thisbeanspins,https://www.instagram.com/reel/CvSjq5Ztjc2/
338,faustina.fit,https://www.instagram.com/reel/Cv8FonMr0YG/
339,faustina.fit,https://www.instagram.com/reel/Cv1A_Abofa0/
340,faustina.fit,https://www.instagram.com/reel/Cvu0O_5O76p/
341,faustina.fit,https://www.instagram.com/reel/CviBdrIOJvS/
342,faustina.fit,https://www.instagram.com/reel/CvKx4Y5sjbd/
343,faustina.fit,https://www.instagram.com/reel/Cu96dvjL8fM/
344,faustina.fit,https://www.instagram.com/reel/CuztxvqPPtT/
345,faustina.fit,https://www.instagram.com/reel/Ctj-dkJumpt/
346,faustina.fit,https://www.instagram.com/reel/CsJI2Mct_Rw/
347,faustina.fit,https://www.instagram.com/reel/CrhCAQ2JBAO/
348,faustina.fit,https://www.instagram.com/reel/Cp7nyyOJlzK/
349,faustina.fit,https://www.instagram.com/reel/CpdZm_5JCj2/
350,annapilatesamsterdam,https://www.instagram.com/reel/Cv5bfGzuxiK/
351,annapilatesamsterdam,https://www.instagram.com/reel/Cu8-gRyI1_b/
352,annapilatesamsterdam,https://www.instagram.com/reel/Cuy89SAIDni/
353,annapilatesamsterdam,https://www.instagram.com/reel/Ct1g1eJIfsM/
354,annapilatesamsterdam,https://www.instagram.com/reel/CtcMKPvosP_/
355,annapilatesamsterdam,https://www.instagram.com/reel/CsQT3vKIbjv/
356,annapilatesamsterdam,https://www.instagram.com/reel/CsIg0RYohIV/
357,annapilatesamsterdam,https://www.instagram.com/reel/CrVdXlfoHeM/
358,annapilatesamsterdam,https://www.instagram.com/reel/CrS4XfcI26x/
359,annapilatesamsterdam,https://www.instagram.com/reel/CrP6DDRoXZa/
360,annapilatesamsterdam,https://www.instagram.com/reel/Cq5XIJGIZY9/
361,annapilatesamsterdam,https://www.instagram.com/reel/Cq3f6evop6g/
362,fitnessmama13,https://www.instagram.com/reel/CvkX-EVN2xp/
363,fitnessmama13,https://www.instagram.com/reel/CvexzNNLQkd/
364,fitnessmama13,https://www.instagram.com/reel/CvcZKeXr0Ft/
365,fitnessmama13,https://www.instagram.com/reel/CvZmHI-s8uX/
366,fitnessmama13,https://www.instagram.com/reel/CvR2hL1PbLH/
367,fitnessmama13,https://www.instagram.com/reel/CvOFSaqu1cB/
368,fitnessmama13,https://www.instagram.com/reel/CvLfy_lrALW/
369,fitnessmama13,https://www.instagram.com/reel/CvJBOCluzA_/
370,fitnessmama13,https://www.instagram.com/reel/CvGhjr7PxTu/
371,fitnessmama13,https://www.instagram.com/reel/Cu8QAGvxDD6/
372,fitnessmama13,https://www.instagram.com/reel/CunqO0OM7yP/
373,fitnessmama13,https://www.instagram.com/reel/CumQwUaMTH-/
374,kellielargay,https://www.instagram.com/reel/CwDtZKLg5E8/
375,kellielargay,https://www.instagram.com/reel/CwBesEKApTQ/
376,kellielargay,https://www.instagram.com/reel/Cv2HTIlgR7V/
377,kellielargay,https://www.instagram.com/reel/Cv0GeTjgGE5/
378,kellielargay,https://www.instagram.com/reel/CvujH4wgApE/
379,kellielargay,https://www.instagram.com/reel/CvpbGBgA_ll/
380,kellielargay,https://www.instagram.com/reel/CvZ_J80ALnM/
381,kellielargay,https://www.instagram.com/reel/CvSFxdmAFrw/
382,kellielargay,https://www.instagram.com/reel/CurZmSAAHqi/
383,kellielargay,https://www.instagram.com/reel/CukTDeFAuQW/
384,kellielargay,https://www.instagram.com/reel/CuUQX16AIpl/
385,kellielargay,https://www.instagram.com/reel/CuE_kzcAA7e/
386,tarothesausage,https://www.instagram.com/reel/CvcEPB7A__E/
387,tarothesausage,https://www.instagram.com/reel/Ct4DP6JgK33/
388,tarothesausage,https://www.instagram.com/reel/CrF9o95NqCV/
389,tarothesausage,https://www.instagram.com/reel/Cqc_fYTLUy5/
390,tarothesausage,https://www.instagram.com/reel/CqHQz5pj4n6/
391,tarothesausage,https://www.instagram.com/reel/Cp96_wfDaSR/
392,tarothesausage,https://www.instagram.com/reel/CpEdBp9j6WG/
393,tarothesausage,https://www.instagram.com/reel/CoCZGoXjtmi/
394,tarothesausage,https://www.instagram.com/reel/CmiaZERISfh/
395,tarothesausage,https://www.instagram.com/reel/Cln0KfhDKyC/
396,tarothesausage,https://www.instagram.com/reel/CkYkTAMD0Hc/
397,tarothesausage,https://www.instagram.com/reel/Ci7do1Rj7lE/
398,bichon_riverprince23,https://www.instagram.com/reel/CwDR6PKIGbt/
399,bichon_riverprince23,https://www.instagram.com/reel/CtK7jTlIfbE/
400,bichon_riverprince23,https://www.instagram.com/reel/CtFA-gppiNF/
401,bichon_riverprince23,https://www.instagram.com/reel/CtAPCWnpI8f/
402,bichon_riverprince23,https://www.instagram.com/reel/CsRBmOKrmLL/
403,bichon_riverprince23,https://www.instagram.com/reel/CruPXLmpYEh/
404,bichon_riverprince23,https://www.instagram.com/reel/CroN7shrSPl/
405,bichon_riverprince23,https://www.instagram.com/reel/CqzdVQdOXc7/
406,bichon_riverprince23,https://www.instagram.com/reel/CqwzwT6M87F/
407,bichon_riverprince23,https://www.instagram.com/reel/CqkJv6YPpKR/
408,bichon_riverprince23,https://www.instagram.com/reel/Cp5nzdot7O8/
409,bichon_riverprince23,https://www.instagram.com/reel/CpZcxPjv_B_/
410,keithnicole14,https://www.instagram.com/reel/CwDgSDQsd3p/
411,keithnicole14,https://www.instagram.com/reel/Cu-fMRDAH1P/
412,keithnicole14,https://www.instagram.com/reel/Cub1vNJgJFq/
413,keithnicole14,https://www.instagram.com/reel/CuPI9WJA-Fk/
414,keithnicole14,https://www.instagram.com/reel/CszX5YIg3oM/
415,keithnicole14,https://www.instagram.com/reel/CsWgmKhAbXN/
416,keithnicole14,https://www.instagram.com/reel/CrRW9d9gOMK/
417,keithnicole14,https://www.instagram.com/reel/CqAmv0ADU_i/
418,keithnicole14,https://www.instagram.com/reel/Cp7RyuTj4fe/
419,keithnicole14,https://www.instagram.com/reel/Cpxw7YwjX5U/
420,keithnicole14,https://www.instagram.com/reel/Cpv58F1Dq15/
421,keithnicole14,https://www.instagram.com/reel/CpXTWI_jN_o/
422,haroldthecocker_,https://www.instagram.com/reel/Ctuj19rrsYE/
423,haroldthecocker_,https://www.instagram.com/reel/CtpbUImtzMK/
424,haroldthecocker_,https://www.instagram.com/reel/CqMPWl9PzYF/
425,haroldthecocker_,https://www.instagram.com/reel/Cp3kA1PpP3y/
426,haroldthecocker_,https://www.instagram.com/reel/CpPB9WBpnXs/
427,haroldthecocker_,https://www.instagram.com/reel/CmNynJkJ_fG/
428,haroldthecocker_,https://www.instagram.com/reel/Cl7Ex3Lr_Ru/
429,haroldthecocker_,https://www.instagram.com/reel/ClSIT1Vu2N3/
430,haroldthecocker_,https://www.instagram.com/reel/Ck6lFawuQW2/
431,haroldthecocker_,https://www.instagram.com/reel/Cii4vTRheR8/
432,haroldthecocker_,https://www.instagram.com/reel/ChdW_HIhUp6/
433,haroldthecocker_,https://www.instagram.com/reel/ChGv0C0lgv9/
434,chigirlbully,https://www.instagram.com/reel/CwNFVCJIzYF/
435,chigirlbully,https://www.instagram.com/reel/CwFbNHNoT7L/
436,chigirlbully,https://www.instagram.com/reel/CwBCTGoI2GJ/
437,chigirlbully,https://www.instagram.com/reel/Cv-imc7LaDV/
438,chigirlbully,https://www.instagram.com/reel/CvzfiAFMS6C/
439,chigirlbully,https://www.instagram.com/reel/CvvWkzsMHA6/
440,chigirlbully,https://www.instagram.com/reel/Cvm-Ky_Llsy/
441,chigirlbully,https://www.instagram.com/reel/CvXjBz3AuVq/
442,chigirlbully,https://www.instagram.com/reel/CvPuA7JtcvB/
443,chigirlbully,https://www.instagram.com/reel/CvPibuAp004/
444,chigirlbully,https://www.instagram.com/reel/CvNZZ6TAyYN/
445,chigirlbully,https://www.instagram.com/reel/CvMt-0CvAof/
446,happyyorkiefamily,https://www.instagram.com/reel/CwLHy7DrbVH/
447,happyyorkiefamily,https://www.instagram.com/reel/CwGqze1gArB/
448,happyyorkiefamily,https://www.instagram.com/reel/CwDKRm8L_yC/
449,happyyorkiefamily,https://www.instagram.com/reel/Cv-2s3zMC6G/
450,happyyorkiefamily,https://www.instagram.com/reel/Cv8Gmmarce-/
451,happyyorkiefamily,https://www.instagram.com/reel/Cv4244hMYxi/
452,happyyorkiefamily,https://www.instagram.com/reel/Cvxa8_QuLoO/
453,happyyorkiefamily,https://www.instagram.com/reel/CvpoXxmvGOR/
454,happyyorkiefamily,https://www.instagram.com/reel/Cvkk7gxpCeV/
455,happyyorkiefamily,https://www.instagram.com/reel/CvhkNKGMt6I/
456,happyyorkiefamily,https://www.instagram.com/reel/CvceKXWO9Tk/
457,happyyorkiefamily,https://www.instagram.com/reel/CvXSXyKPm6z/
458,leeuwenmarcellevan,https://www.instagram.com/reel/CwFNxxzMiWF/
459,leeuwenmarcellevan,https://www.instagram.com/reel/CwAoTffRnLJ/
460,leeuwenmarcellevan,https://www.instagram.com/reel/Cvg9dHuuiqy/
461,leeuwenmarcellevan,https://www.instagram.com/reel/CvWxqcatHNC/
462,leeuwenmarcellevan,https://www.instagram.com/reel/Cu_T-IRL4PA/
463,leeuwenmarcellevan,https://www.instagram.com/reel/Cuw-2_hOeBn/
464,leeuwenmarcellevan,https://www.instagram.com/reel/CuhFKRFOGVK/
465,leeuwenmarcellevan,https://www.instagram.com/reel/CuMF6-KLl6d/
466,leeuwenmarcellevan,https://www.instagram.com/reel/CtbHR10u5JN/
467,leeuwenmarcellevan,https://www.instagram.com/reel/CtQmzSyPH3K/
468,leeuwenmarcellevan,https://www.instagram.com/reel/Cs_i7vPuIuD/
469,leeuwenmarcellevan,https://www.instagram.com/reel/Cs1nMPCN40F/
470,taryn_annette,https://www.instagram.com/reel/CwLDrIJtwma/
471,taryn_annette,https://www.instagram.com/reel/CwJUYKQtlnv/
472,taryn_annette,https://www.instagram.com/reel/CwAuEWNtBsb/
473,taryn_annette,https://www.instagram.com/reel/Cv7ddKGtO3a/
474,taryn_annette,https://www.instagram.com/reel/Cv2a6SFN0kY/
475,taryn_annette,https://www.instagram.com/reel/Cvyoc1_Navk/
476,taryn_annette,https://www.instagram.com/reel/Cvsf61zt9Gt/
477,taryn_annette,https://www.instagram.com/reel/CvmyLVgtK30/
478,taryn_annette,https://www.instagram.com/reel/CvkYChLtJj_/
479,taryn_annette,https://www.instagram.com/reel/CvfBR9VNM_-/
480,taryn_annette,https://www.instagram.com/reel/CvaY8dKNs88/
481,taryn_annette,https://www.instagram.com/reel/CvXt4pBNe5N/
482,lilly_thetravelingsheltie,https://www.instagram.com/reel/CwIgGaRIcPz/
483,lilly_thetravelingsheltie,https://www.instagram.com/reel/CwBPVGFJqNP/
484,lilly_thetravelingsheltie,https://www.instagram.com/reel/Cv6pOhWoMzW/
485,lilly_thetravelingsheltie,https://www.instagram.com/reel/Cv2UeS8IcXE/
486,lilly_thetravelingsheltie,https://www.instagram.com/reel/Cu_wE5AIvOn/
487,lilly_thetravelingsheltie,https://www.instagram.com/reel/Cuzk805oVYv/
488,lilly_thetravelingsheltie,https://www.instagram.com/reel/Cuw3DxGIQOH/
489,lilly_thetravelingsheltie,https://www.instagram.com/reel/Cucg5sJoHxX/
490,lilly_thetravelingsheltie,https://www.instagram.com/reel/CuRMEEIAgNL/
491,lilly_thetravelingsheltie,https://www.instagram.com/reel/CuC14FlI4gW/
492,lilly_thetravelingsheltie,https://www.instagram.com/reel/Ct3ZdGqIe2v/
493,lilly_thetravelingsheltie,https://www.instagram.com/reel/Ct1jDEQIPtJ/
494,pawshaped.shop,https://www.instagram.com/reel/CwKpJvTp-gm/
495,pawshaped.shop,https://www.instagram.com/reel/CwJVBZsBj1y/
496,pawshaped.shop,https://www.instagram.com/reel/CwGObmSB90P/
497,pawshaped.shop,https://www.instagram.com/reel/CwFYmRHJel9/
498,pawshaped.shop,https://www.instagram.com/reel/CwDmUL_pWXU/
499,pawshaped.shop,https://www.instagram.com/reel/CwBO6nxBLtE/
500,pawshaped.shop,https://www.instagram.com/reel/Cv-eDeTNo5w/
501,pawshaped.shop,https://www.instagram.com/reel/Cv9AZBXojpu/
502,pawshaped.shop,https://www.instagram.com/reel/Cv7x0G-Ns85/
503,pawshaped.shop,https://www.instagram.com/reel/Cv58udWNZ9V/
504,pawshaped.shop,https://www.instagram.com/reel/Cv4mPEipz8M/
505,pawshaped.shop,https://www.instagram.com/reel/Cvzg5vzJH2T/
506,cocoyyo,https://www.instagram.com/reel/CwJQG0oIru3/
507,cocoyyo,https://www.instagram.com/reel/CwC1fQsotqK/
508,cocoyyo,https://www.instagram.com/reel/CwA7igqIk-j/
509,cocoyyo,https://www.instagram.com/reel/CwAL1j5oogX/
510,cocoyyo,https://www.instagram.com/reel/Cv7gnvToWKW/
511,cocoyyo,https://www.instagram.com/reel/Cv49-FXoZk5/
512,cocoyyo,https://www.instagram.com/reel/Cv2xfdEo4Bl/
513,cocoyyo,https://www.instagram.com/reel/CvnVdSPIIvZ/
514,cocoyyo,https://www.instagram.com/reel/CvMqysRo_0g/
515,cocoyyo,https://www.instagram.com/reel/CvLoQZyIwi-/
516,cocoyyo,https://www.instagram.com/reel/CvKAHTIoopg/
517,cocoyyo,https://www.instagram.com/reel/Cut-ZMtIwyu/
518,casper_bachaspatimayum,https://www.instagram.com/reel/Crpor1oLK-G/
519,casper_bachaspatimayum,https://www.instagram.com/reel/CrcNYp4Mzv-/
520,casper_bachaspatimayum,https://www.instagram.com/reel/CrOa75zrVAg/
521,casper_bachaspatimayum,https://www.instagram.com/reel/CrId26uOZtS/
522,lovetowardogs,https://www.instagram.com/reel/Cv9-PvpAuP6/
523,lovetowardogs,https://www.instagram.com/reel/CvaMty0IGS_/
524,lovetowardogs,https://www.instagram.com/reel/Cur8hjeAesH/
525,lovetowardogs,https://www.instagram.com/reel/Cumy5Isgqyz/
526,lovetowardogs,https://www.instagram.com/reel/CuceUzhAuA_/
527,lovetowardogs,https://www.instagram.com/reel/CuT6s2tg8cE/
528,lovetowardogs,https://www.instagram.com/reel/CuM0TtyAOZ5/
529,lovetowardogs,https://www.instagram.com/reel/Cty2LbKA9A2/
530,lovetowardogs,https://www.instagram.com/reel/CtozWXwA9vk/
531,lovetowardogs,https://www.instagram.com/reel/Ctj4uPqA3Z6/
532,lovetowardogs,https://www.instagram.com/reel/Ctd8CIVgnLn/
533,lovetowardogs,https://www.instagram.com/reel/CtPmAv7AMGo/
534,yourboyhuey,https://www.instagram.com/reel/CwM5OxYI_7K/
535,yourboyhuey,https://www.instagram.com/reel/CwKj43loBan/
536,yourboyhuey,https://www.instagram.com/reel/CwH_gtDIeti/
537,yourboyhuey,https://www.instagram.com/reel/CwFRY0_I_pu/
538,yourboyhuey,https://www.instagram.com/reel/CwCorsfIeIr/
539,yourboyhuey,https://www.instagram.com/reel/CwAEU-ggMMd/
540,yourboyhuey,https://www.instagram.com/reel/Cv9g6UpgXGI/
541,yourboyhuey,https://www.instagram.com/reel/Cv6816bA8iE/
542,yourboyhuey,https://www.instagram.com/reel/Cv4nYItAlN_/
543,yourboyhuey,https://www.instagram.com/reel/Cv145JKAkyX/
544,yourboyhuey,https://www.instagram.com/reel/CvzOwaeAGiM/
545,yourboyhuey,https://www.instagram.com/reel/Cvwqu_CAocG/
546,dogvaly,https://www.instagram.com/reel/Cs8xfPSO_GP/
547,dogvaly,https://www.instagram.com/reel/Cs2FnisulvB/
548,dogvaly,https://www.instagram.com/reel/CsoJInogPGU/
549,dogvaly,https://www.instagram.com/reel/Csgg4iyL_IT/
550,dogvaly,https://www.instagram.com/reel/CseYdsLNXZ9/
551,dogvaly,https://www.instagram.com/reel/Csd3Q_BpSVw/
552,dogvaly,https://www.instagram.com/reel/Csb3gYgrGa3/
553,dogvaly,https://www.instagram.com/reel/Csb2MeHN8ju/
554,dogvaly,https://www.instagram.com/reel/CsWtLOHtApg/
555,dogvaly,https://www.instagram.com/reel/CsWHQe9MLRw/
556,dogvaly,https://www.instagram.com/reel/CsEILvrNikd/
557,dogvaly,https://www.instagram.com/reel/CsBjGbfNlh-/
558,dogdater_app,https://www.instagram.com/reel/CwKLAO8ssWJ/
559,dogdater_app,https://www.instagram.com/reel/CwHl9sbsv12/
560,dogdater_app,https://www.instagram.com/reel/CwCcuMDsYet/
561,dogdater_app,https://www.instagram.com/reel/Cv9SuRRt_QR/
562,dogdater_app,https://www.instagram.com/reel/Cv4JZd3stej/
563,dogdater_app,https://www.instagram.com/reel/Cv1kk6pMXix/
564,dogdater_app,https://www.instagram.com/reel/Cvwa9ksMW3b/
565,dogdater_app,https://www.instagram.com/reel/CvrRXWPM9Kr/
566,dogdater_app,https://www.instagram.com/reel/CvmH3vKsMfj/
567,dogdater_app,https://www.instagram.com/reel/CvjjByIMX87/
568,dogdater_app,https://www.instagram.com/reel/CveZURngW3E/
569,dogdater_app,https://www.instagram.com/reel/CvWrRXjgAmt/
570,florio_andrea,https://www.instagram.com/reel/CwKSr-nI4JC/
571,florio_andrea,https://www.instagram.com/reel/CwEh0B0oeSu/
572,florio_andrea,https://www.instagram.com/reel/Cv0ZK_KIJ3e/
573,florio_andrea,https://www.instagram.com/reel/Cvz4MRQgRwo/
574,florio_andrea,https://www.instagram.com/reel/CvaecGnRquC/
575,florio_andrea,https://www.instagram.com/reel/CvVIKmvtQGj/
576,florio_andrea,https://www.instagram.com/reel/CvSRcDFtqKw/
577,florio_andrea,https://www.instagram.com/reel/CvJUM1AAt6m/
578,florio_andrea,https://www.instagram.com/reel/Cu4vJCRI03o/
579,florio_andrea,https://www.instagram.com/reel/Cu2Vu5zPIrq/
580,florio_andrea,https://www.instagram.com/reel/Cu1rrCnocvW/
581,florio_andrea,https://www.instagram.com/reel/Cu0-EYXoIOR/
582,marshallsmeanderings,https://www.instagram.com/reel/CvSZ1LiN17K/
583,marshallsmeanderings,https://www.instagram.com/reel/Ct93suLRA0w/
584,marshallsmeanderings,https://www.instagram.com/reel/Cs4ffKgObCB/
585,marshallsmeanderings,https://www.instagram.com/reel/Csdg4g6LKBV/
586,marshallsmeanderings,https://www.instagram.com/reel/Cq5F7vNOISo/
587,marshallsmeanderings,https://www.instagram.com/reel/Cn2iPU9DtnJ/
588,marshallsmeanderings,https://www.instagram.com/reel/CnAJICmjc2X/
589,marshallsmeanderings,https://www.instagram.com/reel/CmHxcDPDd34/
590,marshallsmeanderings,https://www.instagram.com/reel/CkoAXvQDm5j/
591,marshallsmeanderings,https://www.instagram.com/reel/CisC9S1jdRu/
592,marshallsmeanderings,https://www.instagram.com/reel/CgKZUvkDJvc/
593,marshallsmeanderings,https://www.instagram.com/reel/CdZBuIZDB1x/
594,coco_la_shihtzu,https://www.instagram.com/reel/CukUsbiom1A/
595,coco_la_shihtzu,https://www.instagram.com/reel/CuUl89QoYJj/
596,coco_la_shihtzu,https://www.instagram.com/reel/CrOWf7SI5Am/
597,coco_la_shihtzu,https://www.instagram.com/reel/CrOC1OwoLSz/
598,coco_la_shihtzu,https://www.instagram.com/reel/Cqne8wcoQhs/
599,coco_la_shihtzu,https://www.instagram.com/reel/Cqk0IGBokS9/
600,coco_la_shihtzu,https://www.instagram.com/reel/CqiMINSoFnl/
601,coco_la_shihtzu,https://www.instagram.com/reel/CqiLncGI0XT/
602,coco_la_shihtzu,https://www.instagram.com/reel/CqNWgsCIgkk/
603,coco_la_shihtzu,https://www.instagram.com/reel/Cp9WjQJIkWj/
604,coco_la_shihtzu,https://www.instagram.com/reel/CpQUnM_IM6v/
605,coco_la_shihtzu,https://www.instagram.com/reel/CpQTuNhIYmA/
606,just_simba_things,https://www.instagram.com/reel/Cm6430AquNm/
607,just_simba_things,https://www.instagram.com/reel/Cmi4PO_Kq_v/
608,just_simba_things,https://www.instagram.com/reel/CjFxMn0Msui/
609,just_simba_things,https://www.instagram.com/reel/Ch9wcQtp0Qm/
610,just_simba_things,https://www.instagram.com/reel/ChOua4-PwKv/
611,just_simba_things,https://www.instagram.com/reel/CgYl9p4NqHG/
612,just_simba_things,https://www.instagram.com/reel/CfB6WjQp6BE/
613,just_simba_things,https://www.instagram.com/reel/CdDyeJ_uU__/
614,just_simba_things,https://www.instagram.com/reel/CcR9UjFO5BE/
615,just_simba_things,https://www.instagram.com/reel/CbUJ8hdtJAU/
616,just_simba_things,https://www.instagram.com/reel/CawUBzypZTf/
617,just_simba_things,https://www.instagram.com/reel/CYvOuOiKNO8/
618,orionlunabowbows,https://www.instagram.com/reel/Cuc9jESAZjf/
619,orionlunabowbows,https://www.instagram.com/reel/CuP5x3lg99L/
620,orionlunabowbows,https://www.instagram.com/reel/CuASZkcgHer/
621,orionlunabowbows,https://www.instagram.com/reel/CtzPMvuA-sW/
622,orionlunabowbows,https://www.instagram.com/reel/CtrhRJPgeBJ/
623,orionlunabowbows,https://www.instagram.com/reel/CtcYJdTuJ5t/
624,orionlunabowbows,https://www.instagram.com/reel/CsrVV9egOmO/
625,orionlunabowbows,https://www.instagram.com/reel/CsEz3oHAXDe/
626,orionlunabowbows,https://www.instagram.com/reel/Cri8v2-g-M-/
627,orionlunabowbows,https://www.instagram.com/reel/CrTW-klAlXg/
628,orionlunabowbows,https://www.instagram.com/reel/Cq-vWiGAasS/
629,orionlunabowbows,https://www.instagram.com/reel/Cq84acpAMu8/
630,chanel.cerrino,https://www.instagram.com/reel/CwImaJeMYQR/
631,chanel.cerrino,https://www.instagram.com/reel/CvuXSTjATpe/
632,chanel.cerrino,https://www.instagram.com/reel/CuERxyIgoz1/
633,chanel.cerrino,https://www.instagram.com/reel/Cs65DI7IY6V/
634,chanel.cerrino,https://www.instagram.com/reel/CsOAblToawU/
635,chanel.cerrino,https://www.instagram.com/reel/Cril4LagPde/
636,chanel.cerrino,https://www.instagram.com/reel/Cq7i9ZwANLw/
637,chanel.cerrino,https://www.instagram.com/reel/Cqut9sdgjXO/
638,chanel.cerrino,https://www.instagram.com/reel/Cqkh4Dzgrmd/
639,chanel.cerrino,https://www.instagram.com/reel/CqXMs-xI2u9/
640,chanel.cerrino,https://www.instagram.com/reel/CqNTVSKAbeP/
641,chanel.cerrino,https://www.instagram.com/reel/CqDT7DJo-MW/
642,kikiithegolden,https://www.instagram.com/reel/CuuKj5lN8D0/
643,kikiithegolden,https://www.instagram.com/reel/CupKChFLIuA/
644,kikiithegolden,https://www.instagram.com/reel/CsR3rM6plAd/
645,kikiithegolden,https://www.instagram.com/reel/CsFclemofiu/
646,kikiithegolden,https://www.instagram.com/reel/Crhkbcmrm6r/
647,kikiithegolden,https://www.instagram.com/reel/CrcNL99ImWq/
648,kikiithegolden,https://www.instagram.com/reel/CqdHOusjaa-/
649,kikiithegolden,https://www.instagram.com/reel/CoxGInkjRsN/
650,kikiithegolden,https://www.instagram.com/reel/CoNAY1rj_vT/
651,kikiithegolden,https://www.instagram.com/reel/CoC2GNJjEK9/
652,kikiithegolden,https://www.instagram.com/reel/Cnfwj4pJomK/
653,kikiithegolden,https://www.instagram.com/reel/Cm4x201Jzqp/
654,dearsierracountmein,https://www.instagram.com/reel/CvAbztsgt8w/
655,dearsierracountmein,https://www.instagram.com/reel/CsUyv6FAwOh/
656,dearsierracountmein,https://www.instagram.com/reel/CrBU2d6Asrs/
657,dearsierracountmein,https://www.instagram.com/reel/CrBPkKaAn8i/
658,dearsierracountmein,https://www.instagram.com/reel/Cq5r0zGAtnE/
659,dearsierracountmein,https://www.instagram.com/reel/CqWJXO2A0xk/
660,dearsierracountmein,https://www.instagram.com/reel/CojAgJBjYjV/
661,dearsierracountmein,https://www.instagram.com/reel/CoSunFAAX-W/
662,dearsierracountmein,https://www.instagram.com/reel/CnV-yA7AjPc/
663,dearsierracountmein,https://www.instagram.com/reel/CnS3XfRAG-f/
664,dearsierracountmein,https://www.instagram.com/reel/CnH-_8xgpre/
665,dearsierracountmein,https://www.instagram.com/reel/CnH-y8Jgdjx/
666,darcyanddarla,https://www.instagram.com/reel/CwLYlIVIO-H/
667,darcyanddarla,https://www.instagram.com/reel/CvnQtY7oOnz/
668,darcyanddarla,https://www.instagram.com/reel/CvkktRAoH9H/
669,darcyanddarla,https://www.instagram.com/reel/CvE4MVJIe2K/
670,darcyanddarla,https://www.instagram.com/reel/CvADJuSIWxi/
671,darcyanddarla,https://www.instagram.com/reel/Cu_b7AqIaYm/
672,darcyanddarla,https://www.instagram.com/reel/CuxVOKBIdZt/
673,darcyanddarla,https://www.instagram.com/reel/CuSiqcJIOEI/
674,darcyanddarla,https://www.instagram.com/reel/Ct1KWRPoJOk/
675,darcyanddarla,https://www.instagram.com/reel/CtpV_j0oeoG/
676,darcyanddarla,https://www.instagram.com/reel/CtBfKXWIztg/
677,darcyanddarla,https://www.instagram.com/reel/Cs1jexbozez/
678,manasi_uday,https://www.instagram.com/reel/CwJ1oD6sy8m/
679,manasi_uday,https://www.instagram.com/reel/CvcsLXDoiEL/
680,manasi_uday,https://www.instagram.com/reel/CvMvb7pJrSM/
681,manasi_uday,https://www.instagram.com/reel/CvFfglpo5Bx/
682,manasi_uday,https://www.instagram.com/reel/CvExlbxOSCq/
683,manasi_uday,https://www.instagram.com/reel/Cu4jOx4sEYZ/
684,manasi_uday,https://www.instagram.com/reel/Cu3aJ8WPubT/
685,manasi_uday,https://www.instagram.com/reel/Cuwnlm4oiWr/
686,manasi_uday,https://www.instagram.com/reel/CuWE6K1Nrvf/
687,manasi_uday,https://www.instagram.com/reel/CuG0eMmslyL/
688,manasi_uday,https://www.instagram.com/reel/Ct4Puc2IxP_/
689,manasi_uday,https://www.instagram.com/reel/Ct1pnDGPQne/
690,djcarloshenriquez,https://www.instagram.com/reel/CwJi_-EgtGc/
691,djcarloshenriquez,https://www.instagram.com/reel/CwJB8f-L2E6/
692,djcarloshenriquez,https://www.instagram.com/reel/CvhrO7vNh3L/
693,djcarloshenriquez,https://www.instagram.com/reel/CvNYCdzOHh2/
694,djcarloshenriquez,https://www.instagram.com/reel/CupyuaeMaO0/
695,djcarloshenriquez,https://www.instagram.com/reel/CunjxYeJ2rQ/
696,djcarloshenriquez,https://www.instagram.com/reel/CufumuELk7C/
697,djcarloshenriquez,https://www.instagram.com/reel/Ct7kPJArj5C/
698,djcarloshenriquez,https://www.instagram.com/reel/Ct0dzgaNCbB/
699,djcarloshenriquez,https://www.instagram.com/reel/CtpKbaqr-BB/
700,djcarloshenriquez,https://www.instagram.com/reel/Ctasm8fN7Mp/
701,djcarloshenriquez,https://www.instagram.com/reel/Cp6Cjj9jZOW/
702,junwagamamajun,https://www.instagram.com/reel/CsiFiVZRuYB/
703,junwagamamajun,https://www.instagram.com/reel/CoBxmOpjOKH/
704,junwagamamajun,https://www.instagram.com/reel/Cn1DLQWjevo/
705,junwagamamajun,https://www.instagram.com/reel/CmX-fobDltm/
706,junwagamamajun,https://www.instagram.com/reel/CltDJLXD9iq/
707,junwagamamajun,https://www.instagram.com/reel/CgtHSaXDGBf/
708,junwagamamajun,https://www.instagram.com/reel/Ce7enm2DHd-/
709,junwagamamajun,https://www.instagram.com/reel/CegHMQUjUPd/
710,junwagamamajun,https://www.instagram.com/reel/CdQTlgdj7tH/
711,junwagamamajun,https://www.instagram.com/reel/CcuWdU2jgJL/
712,junwagamamajun,https://www.instagram.com/reel/Ccmlp0lj6DG/
713,junwagamamajun,https://www.instagram.com/reel/CchEms4jhO5/
714,mieko.chiwamaru,https://www.instagram.com/reel/Cv2rG52N9Fo/
715,mieko.chiwamaru,https://www.instagram.com/reel/CvmMlsiu2Bm/
716,mieko.chiwamaru,https://www.instagram.com/reel/Cvi4sJiJXk8/
717,mieko.chiwamaru,https://www.instagram.com/reel/CvCqmdROJHK/
718,mieko.chiwamaru,https://www.instagram.com/reel/CuJholcIQUs/
719,mieko.chiwamaru,https://www.instagram.com/reel/Ct_uImWJeiG/
720,mieko.chiwamaru,https://www.instagram.com/reel/Cr6IJs4LKZu/
721,mieko.chiwamaru,https://www.instagram.com/reel/Crf7--XJ6Ze/
722,mieko.chiwamaru,https://www.instagram.com/reel/CrGOxLIMrcB/
723,mieko.chiwamaru,https://www.instagram.com/reel/Cq5JDFwNye7/
724,mieko.chiwamaru,https://www.instagram.com/reel/CqxSMlUvSb0/
725,mieko.chiwamaru,https://www.instagram.com/reel/CqxQ9M6AI32/
726,theglassofbrandy,https://www.instagram.com/reel/CtwcNW4OIBV/
727,theglassofbrandy,https://www.instagram.com/reel/CthVzw_p60-/
728,theglassofbrandy,https://www.instagram.com/reel/CtfV_u_Pnf3/
729,theglassofbrandy,https://www.instagram.com/reel/CtcJusyuLkL/
730,theglassofbrandy,https://www.instagram.com/reel/CtUQqt2r7eg/
731,theglassofbrandy,https://www.instagram.com/reel/CtR3GDBrI3P/
732,theglassofbrandy,https://www.instagram.com/reel/CtPgLvdrhmI/
733,theglassofbrandy,https://www.instagram.com/reel/CsrmZc-J98V/
734,theglassofbrandy,https://www.instagram.com/reel/CsmZtBVx_Lq/
735,theglassofbrandy,https://www.instagram.com/reel/CscgOQiL65D/
736,theglassofbrandy,https://www.instagram.com/reel/CsRzgOkvoJ3/
737,theglassofbrandy,https://www.instagram.com/reel/CpN0-mgrKro/
738,m_o_n_a_8828,https://www.instagram.com/reel/Cv9WeeDr28Z/
739,m_o_n_a_8828,https://www.instagram.com/reel/Cv6pUFfIiLJ/
740,m_o_n_a_8828,https://www.instagram.com/reel/CuZKq93J27N/
741,m_o_n_a_8828,https://www.instagram.com/reel/Ct4TbeZIcgI/
742,m_o_n_a_8828,https://www.instagram.com/reel/Ct15oursnUR/
743,m_o_n_a_8828,https://www.instagram.com/reel/Ct1oISbolBE/
744,m_o_n_a_8828,https://www.instagram.com/reel/CtB5LESPCcp/
745,m_o_n_a_8828,https://www.instagram.com/reel/Cs_mL9OItPI/
746,m_o_n_a_8828,https://www.instagram.com/reel/Cs9KcjyoCv8/
747,m_o_n_a_8828,https://www.instagram.com/reel/Cs8nc-4oPem/
748,m_o_n_a_8828,https://www.instagram.com/reel/CsrE-8iNV99/
749,m_o_n_a_8828,https://www.instagram.com/reel/CrLWKTxoN4u/
750,reeposteii_frases,https://www.instagram.com/reel/CvLORNcANdX/
751,reeposteii_frases,https://www.instagram.com/reel/CvGJ15HAhMo/
752,reeposteii_frases,https://www.instagram.com/reel/Cu4pRPCAGPy/
753,reeposteii_frases,https://www.instagram.com/reel/CuLYO-4gf3E/
754,reeposteii_frases,https://www.instagram.com/reel/CtcxZvhph_M/
755,reeposteii_frases,https://www.instagram.com/reel/CnPc7Fchkir/
756,reeposteii_frases,https://www.instagram.com/reel/Cm15JdFBA21/
757,reeposteii_frases,https://www.instagram.com/reel/Cmy5EJGhgEU/
758,reeposteii_frases,https://www.instagram.com/reel/CmURtOfJonX/
759,reeposteii_frases,https://www.instagram.com/reel/CmFOjTLpsLt/
760,reeposteii_frases,https://www.instagram.com/reel/CkTFhy5jVA8/
761,reeposteii_frases,https://www.instagram.com/reel/CkRZq1PjKW4/
762,dailydoheny,https://www.instagram.com/reel/CvJgFN4grPg/
763,dailydoheny,https://www.instagram.com/reel/Cu0yNA2AOtM/
764,dailydoheny,https://www.instagram.com/reel/CuIP2aaAuQm/
765,dailydoheny,https://www.instagram.com/reel/CtzgaGwAfof/
766,dailydoheny,https://www.instagram.com/reel/Ctw08DNA870/
767,dailydoheny,https://www.instagram.com/reel/Ctfjli_JPbA/
768,dailydoheny,https://www.instagram.com/reel/Cs_-WZnAHvj/
769,dailydoheny,https://www.instagram.com/reel/CsZtp7UgV7a/
770,dailydoheny,https://www.instagram.com/reel/CsXLsXpABRv/
771,dailydoheny,https://www.instagram.com/reel/CsWvcPeAEmL/
772,dailydoheny,https://www.instagram.com/reel/CsMWjL2JgMs/
773,dailydoheny,https://www.instagram.com/reel/CsJ9trwAil5/
774,gussie_thesillyfrenchie,https://www.instagram.com/reel/CvGaJgNMiaw/
775,gussie_thesillyfrenchie,https://www.instagram.com/reel/Cu0mHGyRMbX/
776,gussie_thesillyfrenchie,https://www.instagram.com/reel/CuVpmQpPM_f/
777,gussie_thesillyfrenchie,https://www.instagram.com/reel/CuBEObgLj5d/
778,gussie_thesillyfrenchie,https://www.instagram.com/reel/CuA_lgUNR3V/
779,gussie_thesillyfrenchie,https://www.instagram.com/reel/Ct2v7DipOXr/
780,gussie_thesillyfrenchie,https://www.instagram.com/reel/CtvA7swgXc-/
781,gussie_thesillyfrenchie,https://www.instagram.com/reel/Cts7P8osUdS/
782,gussie_thesillyfrenchie,https://www.instagram.com/reel/CtXxCFLLWD9/
783,gussie_thesillyfrenchie,https://www.instagram.com/reel/CtQR5NKNRjf/
784,gussie_thesillyfrenchie,https://www.instagram.com/reel/Cp4r-yPLvfv/
785,gussie_thesillyfrenchie,https://www.instagram.com/reel/CpxD61yL0hS/
786,loniandkurt,https://www.instagram.com/reel/CwLOWRMsvlb/
787,loniandkurt,https://www.instagram.com/reel/CwKlrdfsSLl/
788,loniandkurt,https://www.instagram.com/reel/CwIJLysM1RQ/
789,loniandkurt,https://www.instagram.com/reel/CwGUh95M4aP/
790,loniandkurt,https://www.instagram.com/reel/CwC9al6MAtH/
791,loniandkurt,https://www.instagram.com/reel/CwACaNAN5Gx/
792,loniandkurt,https://www.instagram.com/reel/Cv-gpLhN6ig/
793,loniandkurt,https://www.instagram.com/reel/Cv7GVqwtU_J/
794,loniandkurt,https://www.instagram.com/reel/Cv6qaWJt5sA/
795,loniandkurt,https://www.instagram.com/reel/Cv4l4wjtJxC/
796,loniandkurt,https://www.instagram.com/reel/Cv2cTH5tOC0/
797,loniandkurt,https://www.instagram.com/reel/CvxI9szNShc/
798,mandu_the_warthog_dog,https://www.instagram.com/reel/CuMuEiavvwj/
799,mandu_the_warthog_dog,https://www.instagram.com/reel/Ctj1B1cRcNp/
800,mandu_the_warthog_dog,https://www.instagram.com/reel/CtWsXoprfbt/
801,mandu_the_warthog_dog,https://www.instagram.com/reel/CtRccxhA0yl/
802,mandu_the_warthog_dog,https://www.instagram.com/reel/Cs6MrI9Puzi/
803,mandu_the_warthog_dog,https://www.instagram.com/reel/CsW-bgUJBgX/
804,mandu_the_warthog_dog,https://www.instagram.com/reel/CsL5iC9sQCM/
805,mandu_the_warthog_dog,https://www.instagram.com/reel/CsHKK8MpxyQ/
806,mandu_the_warthog_dog,https://www.instagram.com/reel/Cr9Dy5WpEQ6/
807,mandu_the_warthog_dog,https://www.instagram.com/reel/Cr3wFdLNWHd/
808,mandu_the_warthog_dog,https://www.instagram.com/reel/CrTat4RujYT/
809,mandu_the_warthog_dog,https://www.instagram.com/reel/Cqfln9Fpwgr/
810,milo_theparsonrussel1,https://www.instagram.com/reel/CuRIzxwgGqk/
811,milo_theparsonrussel1,https://www.instagram.com/reel/CuKf_PRgrMq/
812,milo_theparsonrussel1,https://www.instagram.com/reel/CtmhBgLAXUm/
813,milo_theparsonrussel1,https://www.instagram.com/reel/Cr5qfZ6AnFB/
814,milo_theparsonrussel1,https://www.instagram.com/reel/CryR4xfghQt/
815,milo_theparsonrussel1,https://www.instagram.com/reel/CrtvBTTgTzm/
816,milo_theparsonrussel1,https://www.instagram.com/reel/CrIVbyTAReT/
817,milo_theparsonrussel1,https://www.instagram.com/reel/CrDIs36gnBM/
818,milo_theparsonrussel1,https://www.instagram.com/reel/CrAkFEPATXx/
819,milo_theparsonrussel1,https://www.instagram.com/reel/Cq8fnEsAkUp/
820,milo_theparsonrussel1,https://www.instagram.com/reel/CqpZdGFgGkL/
821,milo_theparsonrussel1,https://www.instagram.com/reel/CqmrOtdjfID/
822,aaddie13,https://www.instagram.com/reel/CsOYyFwKZxs/
823,aaddie13,https://www.instagram.com/reel/CsAGs5kPFzu/
824,aaddie13,https://www.instagram.com/reel/CqbGlRsKKD1/
825,aaddie13,https://www.instagram.com/reel/CqaNdEmpr9S/
826,aaddie13,https://www.instagram.com/reel/Cob28LGJ93a/
827,aaddie13,https://www.instagram.com/reel/CoE12pYJsF-/
828,aaddie13,https://www.instagram.com/reel/Cn9Pm5oJWeM/
829,aaddie13,https://www.instagram.com/reel/Cmyz1vKrVao/
830,aaddie13,https://www.instagram.com/reel/CmWaUFssZMD/
831,aaddie13,https://www.instagram.com/reel/CmLzUjNMF9b/
832,aaddie13,https://www.instagram.com/reel/Ck_F15OppAb/
833,aaddie13,https://www.instagram.com/reel/Ck7QiXop61D/
834,fantasticdogss,https://www.instagram.com/reel/CdWKff9gRhP/
835,fantasticdogss,https://www.instagram.com/reel/CdEOmi2A3RV/
836,fantasticdogss,https://www.instagram.com/reel/Cc-nypZgoFV/
837,fantasticdogss,https://www.instagram.com/reel/CcyNt9GAwfZ/
838,fantasticdogss,https://www.instagram.com/reel/CctNK5pgsnW/
839,fantasticdogss,https://www.instagram.com/reel/Ccp7c6qA6Rp/
840,fantasticdogss,https://www.instagram.com/reel/Ccpt54LgIwQ/
841,fantasticdogss,https://www.instagram.com/reel/CcoCiUagWOU/
842,fantasticdogss,https://www.instagram.com/reel/CcljY2fA-yG/
843,fantasticdogss,https://www.instagram.com/reel/CciuJlogHOc/
844,fantasticdogss,https://www.instagram.com/reel/CcccyNIAN8s/
845,fantasticdogss,https://www.instagram.com/reel/Ccam_WqA1ZJ/
846,zoe.s_little_world,https://www.instagram.com/reel/CwAWr7kpGTV/
847,zoe.s_little_world,https://www.instagram.com/reel/Cvu2CL-JUdS/
848,zoe.s_little_world,https://www.instagram.com/reel/CvaGny7JG70/
849,zoe.s_little_world,https://www.instagram.com/reel/CvAyBz9NHZL/
850,zoe.s_little_world,https://www.instagram.com/reel/CuzGmdPJa39/
851,zoe.s_little_world,https://www.instagram.com/reel/CuRwgjCJvcN/
852,zoe.s_little_world,https://www.instagram.com/reel/CuLi9xJvcRA/
853,zoe.s_little_world,https://www.instagram.com/reel/Ct_p6tWJhWb/
854,zoe.s_little_world,https://www.instagram.com/reel/Ct6Evx9pS_1/
855,zoe.s_little_world,https://www.instagram.com/reel/Ct05cBoPZ4r/
856,zoe.s_little_world,https://www.instagram.com/reel/Ctj8D1Xs_Ul/
857,zoe.s_little_world,https://www.instagram.com/reel/CtegWhUM7gT/
858,socalrarefinds,https://www.instagram.com/reel/CwMnxbdtRc5/
859,socalrarefinds,https://www.instagram.com/reel/CwLh0xxNiCn/
860,socalrarefinds,https://www.instagram.com/reel/CwLIFOxNaOP/
861,socalrarefinds,https://www.instagram.com/reel/CwKA1SbNmey/
862,socalrarefinds,https://www.instagram.com/reel/CwJBSC7rUIB/
863,socalrarefinds,https://www.instagram.com/reel/CwHcPWrNBTJ/
864,socalrarefinds,https://www.instagram.com/reel/CwF-k4st3Ok/
865,socalrarefinds,https://www.instagram.com/reel/CwE4wnJNq9k/
866,socalrarefinds,https://www.instagram.com/reel/CwESNI2KgHL/
867,socalrarefinds,https://www.instagram.com/reel/CwERadHoFAi/
868,socalrarefinds,https://www.instagram.com/reel/CwDzhGZs4BP/
869,socalrarefinds,https://www.instagram.com/reel/CwCUK8ZNBKy/
870,emmapetervlogs,https://www.instagram.com/reel/CvVfka3sjm-/
871,emmapetervlogs,https://www.instagram.com/reel/CvVS68CPDQS/
872,emmapetervlogs,https://www.instagram.com/reel/CuYKdY3oFsY/
873,emmapetervlogs,https://www.instagram.com/reel/CuYHx7roAIo/
874,emmapetervlogs,https://www.instagram.com/reel/CuViAZyIVl3/
875,emmapetervlogs,https://www.instagram.com/reel/CuSVIcVNnGT/
876,emmapetervlogs,https://www.instagram.com/reel/CuQbgygIDRR/
877,emmapetervlogs,https://www.instagram.com/reel/Cn4v_T3t75I/
878,emmapetervlogs,https://www.instagram.com/reel/CnlNo3dhAau/
879,emmapetervlogs,https://www.instagram.com/reel/CnlIqdShNmV/
880,emmapetervlogs,https://www.instagram.com/reel/CjJwU8BoC-M/
881,emmapetervlogs,https://www.instagram.com/reel/ChWM-SIIHic/
882,mickyddog,https://www.instagram.com/reel/CUAD3iLqB8m/
883,mickyddog,https://www.instagram.com/reel/CTkEBi4j-uA/
884,mickyddog,https://www.instagram.com/reel/CQg9qlNjM_E/
885,mickyddog,https://www.instagram.com/reel/CPwFBrgjo8r/
886,mickyddog,https://www.instagram.com/reel/CLQx4vRDWdy/
887,mickyddog,https://www.instagram.com/reel/CLG3j22DKAD/
888,mickyddog,https://www.instagram.com/reel/CI8UeH-D5EY/
889,mickyddog,https://www.instagram.com/reel/CIEbUwOAsvY/
890,mickyddog,https://www.instagram.com/reel/CIDxPQAgYcO/
891,mickyddog,https://www.instagram.com/reel/CH-t_t6gWHF/
892,mickyddog,https://www.instagram.com/reel/CH-tZCTAK2G/
893,mickyddog,https://www.instagram.com/reel/CH-UaFOAste/
894,dog_girl_labrador,https://www.instagram.com/reel/CwJ-9D6oOJI/
895,dog_girl_labrador,https://www.instagram.com/reel/CwCTmNmIXoS/
896,dog_girl_labrador,https://www.instagram.com/reel/CvuWZVYIQ4L/
897,dog_girl_labrador,https://www.instagram.com/reel/CviT9cKoKaX/
898,dog_girl_labrador,https://www.instagram.com/reel/CvVl90moKM_/
899,dog_girl_labrador,https://www.instagram.com/reel/CvIYIgpo-Ub/
900,dog_girl_labrador,https://www.instagram.com/reel/Cu4CP_BIdJD/
901,dog_girl_labrador,https://www.instagram.com/reel/CurRFpuIPR9/
902,dog_girl_labrador,https://www.instagram.com/reel/CujD3ISodvm/
903,dog_girl_labrador,https://www.instagram.com/reel/CuUss-rIlOD/
904,dog_girl_labrador,https://www.instagram.com/reel/CuIDdyuozlR/
905,dog_girl_labrador,https://www.instagram.com/reel/Ct7WunToiiK/
906,dogdogrecife,https://www.instagram.com/reel/Cp5lVW8gPiN/
907,dogdogrecife,https://www.instagram.com/reel/CpDG_AGA4q4/
908,dogdogrecife,https://www.instagram.com/reel/CoMtj6pJNCT/
909,dogdogrecife,https://www.instagram.com/reel/CoC2bKBgk2-/
910,dogdogrecife,https://www.instagram.com/reel/CnWr3pFJJao/
911,dogdogrecife,https://www.instagram.com/reel/CnURRKrtAz_/
912,dogdogrecife,https://www.instagram.com/reel/CnDFvGHsSIQ/
913,dogdogrecife,https://www.instagram.com/reel/CmgpTneMwD5/
914,dogdogrecife,https://www.instagram.com/reel/Cl13ywkJpMR/
915,dogdogrecife,https://www.instagram.com/reel/ClHi3nIAUkt/
916,dogdogrecife,https://www.instagram.com/reel/Ckg2lLZAQXE/
917,dogdogrecife,https://www.instagram.com/reel/CkRYeuyjWZw/
918,wassim3169,https://www.instagram.com/reel/CwNa2R1IkLE/
919,wassim3169,https://www.instagram.com/reel/CwLxkh0opO_/
920,wassim3169,https://www.instagram.com/reel/CwKwBEaovk1/
921,wassim3169,https://www.instagram.com/reel/CwFy8hzoz89/
922,wassim3169,https://www.instagram.com/reel/CwFyxHCoQs7/
923,wassim3169,https://www.instagram.com/reel/CwFs66CIbue/
924,wassim3169,https://www.instagram.com/reel/CwA4u35IIjh/
925,wassim3169,https://www.instagram.com/reel/Cv7dvdhIzNm/
926,wassim3169,https://www.instagram.com/reel/CvvTOKDAgwo/
927,wassim3169,https://www.instagram.com/reel/CvlPfl3Igsk/
928,wassim3169,https://www.instagram.com/reel/CvgF1tiom9r/
929,wassim3169,https://www.instagram.com/reel/CvcdhjVI-tN/
930,animatr.ai,https://www.instagram.com/reel/CwK7Ir5Bg4Q/
931,animatr.ai,https://www.instagram.com/reel/CwK0EtJhS9g/
932,animatr.ai,https://www.instagram.com/reel/CwKy1b4hz9q/
933,animatr.ai,https://www.instagram.com/reel/CwAoUOfLhoE/
934,animatr.ai,https://www.instagram.com/reel/Cv-ct2FvnZC/
935,animatr.ai,https://www.instagram.com/reel/Cv78ZJOJey_/
936,animatr.ai,https://www.instagram.com/reel/CvxuYO6sA8b/
937,animatr.ai,https://www.instagram.com/reel/Cvp7zkAvTVp/
938,animatr.ai,https://www.instagram.com/reel/CvkCnw6MtRS/
939,animatr.ai,https://www.instagram.com/reel/CvVOAxlRwG0/
940,animatr.ai,https://www.instagram.com/reel/CvSzwi6p8dI/
941,animatr.ai,https://www.instagram.com/reel/CvOHZKnuonk/
942,golden.boy.haikas,https://www.instagram.com/reel/Cs9gyHrtJPW/
943,golden.boy.haikas,https://www.instagram.com/reel/Cr3Yv8DtXV4/
944,golden.boy.haikas,https://www.instagram.com/reel/CrK1-YwAlDs/
945,golden.boy.haikas,https://www.instagram.com/reel/CphaOIiqAc1/
946,golden.boy.haikas,https://www.instagram.com/reel/CpGLaYXqeg0/
947,golden.boy.haikas,https://www.instagram.com/reel/CpF6w1Dq0f0/
948,golden.boy.haikas,https://www.instagram.com/reel/CoUDJYeqqxW/
949,golden.boy.haikas,https://www.instagram.com/reel/CoUCQ0YqYzL/
950,golden.boy.haikas,https://www.instagram.com/reel/CoPY-44q3dI/
951,golden.boy.haikas,https://www.instagram.com/reel/CnC7D5kIThm/
952,golden.boy.haikas,https://www.instagram.com/reel/CnCXcZooQCp/
953,golden.boy.haikas,https://www.instagram.com/reel/CmyGiw8KLGs/
954,prince.inu,https://www.instagram.com/reel/CvQQ--brhH0/
955,prince.inu,https://www.instagram.com/reel/CvOW-3UtPFL/
956,prince.inu,https://www.instagram.com/reel/CuUsr1Lx7Rs/
957,prince.inu,https://www.instagram.com/reel/CuSEphfrKfQ/
958,prince.inu,https://www.instagram.com/reel/Ctb9JCnMEV0/
959,prince.inu,https://www.instagram.com/reel/CtJ8VOPtrdj/
960,prince.inu,https://www.instagram.com/reel/Cs814_zsfSx/
961,prince.inu,https://www.instagram.com/reel/Cs810ers3rw/
962,prince.inu,https://www.instagram.com/reel/CsbkyWZrW09/
963,prince.inu,https://www.instagram.com/reel/CsY9w44Otxy/
964,prince.inu,https://www.instagram.com/reel/CsUBN7IgHbQ/
965,prince.inu,https://www.instagram.com/reel/CsUBJROrHpx/
966,cappylunacreations,https://www.instagram.com/reel/CsbgPa7uCEW/
967,cappylunacreations,https://www.instagram.com/reel/CrjF7IwJL70/
968,cappylunacreations,https://www.instagram.com/reel/CrRZQnyM66l/
969,cappylunacreations,https://www.instagram.com/reel/CmjlalPBMbO/
970,cappylunacreations,https://www.instagram.com/reel/Cl9CqwepiRn/
971,cappylunacreations,https://www.instagram.com/reel/Cl2ilzBL0os/
972,cappylunacreations,https://www.instagram.com/reel/ClrT8IuudQa/
973,cappylunacreations,https://www.instagram.com/reel/ClomKDvpNoe/
974,cappylunacreations,https://www.instagram.com/reel/ClnJkb6uMKv/
975,cappylunacreations,https://www.instagram.com/reel/ClEZ7d_PMLj/
976,cappylunacreations,https://www.instagram.com/reel/ClB4RZzpLrs/
977,cappylunacreations,https://www.instagram.com/reel/CitfJ6iuxZd/
978,legendacres,https://www.instagram.com/reel/CwLnpAlgOuQ/
979,legendacres,https://www.instagram.com/reel/CwLl5AJp5rj/
980,legendacres,https://www.instagram.com/reel/CwHPi5agSdg/
981,legendacres,https://www.instagram.com/reel/Cv_kjZdgxsW/
982,legendacres,https://www.instagram.com/reel/CvpjwtRgYX4/
983,legendacres,https://www.instagram.com/reel/Cvn1o61L-Ms/
984,legendacres,https://www.instagram.com/reel/CvnhCk9O_Rk/
985,legendacres,https://www.instagram.com/reel/CvnZ8a4gNNC/
986,legendacres,https://www.instagram.com/reel/CvnY9Ougxx4/
987,legendacres,https://www.instagram.com/reel/CvN3LNRoCZj/
988,legendacres,https://www.instagram.com/reel/CvFz5RYhZMy/
989,legendacres,https://www.instagram.com/reel/Cu99T2-gbFD/
990,scruffydogscardiff,https://www.instagram.com/reel/Cvfa_DkoeAw/
991,scruffydogscardiff,https://www.instagram.com/reel/CvX8qluoFSP/
992,scruffydogscardiff,https://www.instagram.com/reel/CtoCB43rWJd/
993,scruffydogscardiff,https://www.instagram.com/reel/CtGjtSNIxQt/
994,scruffydogscardiff,https://www.instagram.com/reel/CtBaH-dAKO3/
995,scruffydogscardiff,https://www.instagram.com/reel/Cs8Qjd2Ir_U/
996,scruffydogscardiff,https://www.instagram.com/reel/CrBoe80omDs/
997,scruffydogscardiff,https://www.instagram.com/reel/CqJF7NCIxzL/
998,scruffydogscardiff,https://www.instagram.com/reel/CqGm5QPoQYF/
999,scruffydogscardiff,https://www.instagram.com/reel/Cp5oXBfIbih/
1000,scruffydogscardiff,https://www.instagram.com/reel/Cp4p0LAoNY9/
1001,scruffydogscardiff,https://www.instagram.com/reel/CphX90yINKe/
1002,hundetrenerline,https://www.instagram.com/reel/CwI7YGiJTQA/
1003,hundetrenerline,https://www.instagram.com/reel/Cv-du1goI3F/
1004,hundetrenerline,https://www.instagram.com/reel/Cv5T0c9oXsh/
1005,hundetrenerline,https://www.instagram.com/reel/Cvw3iW6IWUG/
1006,hundetrenerline,https://www.instagram.com/reel/CvkIRpYoLdJ/
1007,hundetrenerline,https://www.instagram.com/reel/CvTAlgPoxSu/
1008,hundetrenerline,https://www.instagram.com/reel/CvIaqhaA-s6/
1009,hundetrenerline,https://www.instagram.com/reel/Cu93V8_opDs/
1010,hundetrenerline,https://www.instagram.com/reel/Cu4NNTho32i/
1011,hundetrenerline,https://www.instagram.com/reel/Cuw9N6IIY3z/
1012,hundetrenerline,https://www.instagram.com/reel/CuXV8xYo11z/
1013,hundetrenerline,https://www.instagram.com/reel/CuVCjVsAilT/
1014,goofy_thebabyshark16,https://www.instagram.com/reel/CwKWlLBg7Ox/
1015,goofy_thebabyshark16,https://www.instagram.com/reel/CwFrbP-Adhe/
1016,goofy_thebabyshark16,https://www.instagram.com/reel/Cvm7CMtg14C/
1017,goofy_thebabyshark16,https://www.instagram.com/reel/Cvjum-PgVkd/
1018,goofy_thebabyshark16,https://www.instagram.com/reel/CvUJXJcAhZW/
1019,goofy_thebabyshark16,https://www.instagram.com/reel/CvPWGxhg4qv/
1020,goofy_thebabyshark16,https://www.instagram.com/reel/CvHmyhmA24C/
1021,goofy_thebabyshark16,https://www.instagram.com/reel/CvCJtmagPCU/
1022,goofy_thebabyshark16,https://www.instagram.com/reel/Cu9nw_6gERW/
1023,goofy_thebabyshark16,https://www.instagram.com/reel/CuwQby9gmMo/
1024,goofy_thebabyshark16,https://www.instagram.com/reel/CurYaOZAsw7/
1025,goofy_thebabyshark16,https://www.instagram.com/reel/Cul0vsWgvuz/
1026,thegadgetsstore10,https://www.instagram.com/reel/CwNC2EksQbx/
1027,thegadgetsstore10,https://www.instagram.com/reel/CwM2gEbMaiW/
1028,thegadgetsstore10,https://www.instagram.com/reel/CwMKq1IomVo/
1029,thegadgetsstore10,https://www.instagram.com/reel/CwMHJ1OBVHp/
1030,thegadgetsstore10,https://www.instagram.com/reel/CwMFUwOh4BW/
1031,thegadgetsstore10,https://www.instagram.com/reel/CwK2KPIB00N/
1032,thegadgetsstore10,https://www.instagram.com/reel/CwKc3pEBL3E/
1033,thegadgetsstore10,https://www.instagram.com/reel/CwKIifHBKzM/
1034,thegadgetsstore10,https://www.instagram.com/reel/CwKIFn2Bbd1/
1035,thegadgetsstore10,https://www.instagram.com/reel/CwJ37xWoBtw/
1036,thegadgetsstore10,https://www.instagram.com/reel/CwIF3EasUEn/
1037,thegadgetsstore10,https://www.instagram.com/reel/CwIFny7sh2-/
1038,mywildmeadows,https://www.instagram.com/reel/CwDNvB_h9Jw/
1039,mywildmeadows,https://www.instagram.com/reel/Cv5HshnpV3n/
1040,mywildmeadows,https://www.instagram.com/reel/Cvu4wTapH6n/
1041,mywildmeadows,https://www.instagram.com/reel/Cvh6lhUgNbJ/
1042,mywildmeadows,https://www.instagram.com/reel/CvfobHug7p6/
1043,mywildmeadows,https://www.instagram.com/reel/CvaRwJqpDEi/
1044,mywildmeadows,https://www.instagram.com/reel/CvQJXHCA1in/
1045,mywildmeadows,https://www.instagram.com/reel/CuriLtUAuPN/
1046,mywildmeadows,https://www.instagram.com/reel/CuZlxWvgGc9/
1047,mywildmeadows,https://www.instagram.com/reel/CuHnceLAYaf/
1048,mywildmeadows,https://www.instagram.com/reel/CuE48rQAqDX/
1049,mywildmeadows,https://www.instagram.com/reel/Ct9ZBQYpv5G/
1050,hanaandgnocchi,https://www.instagram.com/reel/CwMOzx3JHrT/
1051,hanaandgnocchi,https://www.instagram.com/reel/Cv4SlatJ1lk/
1052,hanaandgnocchi,https://www.instagram.com/reel/CvvgwY3BpDz/
1053,hanaandgnocchi,https://www.instagram.com/reel/CvoSRsfJ5Uo/
1054,hanaandgnocchi,https://www.instagram.com/reel/CvhO7_ApWoh/
1055,hanaandgnocchi,https://www.instagram.com/reel/CvbSTsgpGnL/
1056,hanaandgnocchi,https://www.instagram.com/reel/CvV6r_ehLcN/
1057,hanaandgnocchi,https://www.instagram.com/reel/CvLdCHxB-F2/
1058,hanaandgnocchi,https://www.instagram.com/reel/CvEAKsRpqce/
1059,hanaandgnocchi,https://www.instagram.com/reel/Cu8pk0ypNq6/
1060,hanaandgnocchi,https://www.instagram.com/reel/CuVYrC0BkyZ/
1061,hanaandgnocchi,https://www.instagram.com/reel/CuO2evmpuJf/
1062,pakistanfelineclub,https://www.instagram.com/reel/CwKXkJsIqED/
1063,pakistanfelineclub,https://www.instagram.com/reel/CwIu8G2ynaL/
1064,pakistanfelineclub,https://www.instagram.com/reel/CwHvnTNoiT8/
1065,pakistanfelineclub,https://www.instagram.com/reel/CwFFSqYo0lW/
1066,pakistanfelineclub,https://www.instagram.com/reel/CwCilYFoJUX/
1067,pakistanfelineclub,https://www.instagram.com/reel/CwAFN-2o1dU/
1068,pakistanfelineclub,https://www.instagram.com/reel/Cv-dmi6Jvss/
1069,pakistanfelineclub,https://www.instagram.com/reel/Cv9YKktIAbU/
1070,pakistanfelineclub,https://www.instagram.com/reel/Cv6zR2CAqxR/
1071,pakistanfelineclub,https://www.instagram.com/reel/Cv4I5nkqoMY/
1072,pakistanfelineclub,https://www.instagram.com/reel/Cv1l_unocrI/
1073,pakistanfelineclub,https://www.instagram.com/reel/Cv0LoC2p8pq/
1074,dogbreathphotography,https://www.instagram.com/reel/CuQONXAPmZp/
1075,dogbreathphotography,https://www.instagram.com/reel/CqMEkauvF-E/
1076,dogbreathphotography,https://www.instagram.com/reel/Co0i-PZPMqL/
1077,dogbreathphotography,https://www.instagram.com/reel/CoQvdXWJ5VG/
1078,dogbreathphotography,https://www.instagram.com/reel/Cky2GSBNUQv/
1079,dogbreathphotography,https://www.instagram.com/reel/CkKLGK5DMTO/
1080,dogbreathphotography,https://www.instagram.com/reel/Ccd5TfFFgdb/
1081,dogbreathphotography,https://www.instagram.com/reel/CcbQhy9FgaE/
1082,dogbreathphotography,https://www.instagram.com/reel/CcYaIIYlm_y/
1083,dogbreathphotography,https://www.instagram.com/reel/CcD827TFQaj/
1084,dogbreathphotography,https://www.instagram.com/reel/CbYReuul5CN/
1085,dogbreathphotography,https://www.instagram.com/reel/Cak-ut-lNXE/
1086,nysom.doggies,https://www.instagram.com/reel/CuyqI0hoz-5/
1087,nysom.doggies,https://www.instagram.com/reel/CuRYSdXIKaF/
1088,nysom.doggies,https://www.instagram.com/reel/CuOrKGNI_ws/
1089,nysom.doggies,https://www.instagram.com/reel/Ct1Dh-GowTf/
1090,nysom.doggies,https://www.instagram.com/reel/Ctx_bocIZAP/
1091,nysom.doggies,https://www.instagram.com/reel/Ctx-9cQIe6N/
1092,nysom.doggies,https://www.instagram.com/reel/Ctlp8m-Iv7K/
1093,nysom.doggies,https://www.instagram.com/reel/CtgzobfII5-/
1094,nysom.doggies,https://www.instagram.com/reel/CtTITGNolj7/
1095,nysom.doggies,https://www.instagram.com/reel/CsvX4-JoK8S/
1096,nysom.doggies,https://www.instagram.com/reel/CsiNckloBg2/
1097,nysom.doggies,https://www.instagram.com/reel/Csf8IANI_Nf/
1098,marieflore.photographie,https://www.instagram.com/reel/CvaUnJ9o7cs/
1099,marieflore.photographie,https://www.instagram.com/reel/Cu2Rag4IUd0/
1100,marieflore.photographie,https://www.instagram.com/reel/CuM7UzgIF0f/
1101,marieflore.photographie,https://www.instagram.com/reel/CuFWWjfoyDp/
1102,marieflore.photographie,https://www.instagram.com/reel/Ct1oJobgluT/
1103,marieflore.photographie,https://www.instagram.com/reel/CtJ4eCQgleX/
1104,marieflore.photographie,https://www.instagram.com/reel/Cs4GaMZIy1B/
1105,marieflore.photographie,https://www.instagram.com/reel/CsJpWzpAE-A/
1106,marieflore.photographie,https://www.instagram.com/reel/Cr_Sa40AGHZ/
1107,marieflore.photographie,https://www.instagram.com/reel/Cr3yDl8oiJF/
1108,marieflore.photographie,https://www.instagram.com/reel/CrgsJI9gIJ4/
1109,marieflore.photographie,https://www.instagram.com/reel/Crd4sPiAi2w/
1110,_.space_paws._,https://www.instagram.com/reel/Cm0uOt5tm5z/
1111,_.space_paws._,https://www.instagram.com/reel/CgHj8-GI-dl/
1112,_.space_paws._,https://www.instagram.com/reel/CbHsLPWlYZd/
1113,_.space_paws._,https://www.instagram.com/reel/CZELtbTlJuo/
1114,_.space_paws._,https://www.instagram.com/reel/CTfTVatoSKE/
1115,_.space_paws._,https://www.instagram.com/reel/CTVh9AEIIAT/
1116,_.space_paws._,https://www.instagram.com/reel/CSzydEXIzCx/
1117,_.space_paws._,https://www.instagram.com/reel/CSfM-ZSIdG0/
1118,_.space_paws._,https://www.instagram.com/reel/CMd94FQnk07/
1119,_.space_paws._,https://www.instagram.com/reel/CDOBRTInLnX/
1120,bullybeautifull,https://www.instagram.com/reel/Cv-LZRgMjJt/
1121,bullybeautifull,https://www.instagram.com/reel/Cv2mSNNr923/
1122,bullybeautifull,https://www.instagram.com/reel/CvQaQE-NvB5/
1123,bullybeautifull,https://www.instagram.com/reel/CvNaKZ8P_1p/
1124,bullybeautifull,https://www.instagram.com/reel/CvIGK64LcI6/
1125,bullybeautifull,https://www.instagram.com/reel/CuwpLnGP-Xf/
1126,bullybeautifull,https://www.instagram.com/reel/CupZW77tFpY/
1127,bullybeautifull,https://www.instagram.com/reel/CuowfJXNkyj/
1128,bullybeautifull,https://www.instagram.com/reel/CuMm9U8p5Pa/
1129,bullybeautifull,https://www.instagram.com/reel/Ct4iWWpgdPG/
1130,bullybeautifull,https://www.instagram.com/reel/CtokhJQNIuw/
1131,bullybeautifull,https://www.instagram.com/reel/CtmIZx8tsMU/
1132,aishanmoon8837,https://www.instagram.com/reel/CwMWEW5qZYU/
1133,aishanmoon8837,https://www.instagram.com/reel/CwDSbIGK8bC/
1134,aishanmoon8837,https://www.instagram.com/reel/CwDF0oVPZdc/
1135,aishanmoon8837,https://www.instagram.com/reel/CwAuv7VRwxp/
1136,aishanmoon8837,https://www.instagram.com/reel/Cv7swLzg8TO/
1137,aishanmoon8837,https://www.instagram.com/reel/Cv5-tpDglKQ/
1138,aishanmoon8837,https://www.instagram.com/reel/Cv4TGq6gr_C/
1139,aishanmoon8837,https://www.instagram.com/reel/Cv1gHF9gFOt/
1140,aishanmoon8837,https://www.instagram.com/reel/CvqqN_cAA_l/
1141,aishanmoon8837,https://www.instagram.com/reel/CvnMrd8ARQf/
1142,aishanmoon8837,https://www.instagram.com/reel/Cvl6mc8gskX/
1143,aishanmoon8837,https://www.instagram.com/reel/CvRTwK5Afuw/
1144,packedparty,https://www.instagram.com/reel/CwLxrhmu9dd/
1145,packedparty,https://www.instagram.com/reel/CwI_24RMLqQ/
1146,packedparty,https://www.instagram.com/reel/CwIV3F5gwjm/
1147,packedparty,https://www.instagram.com/reel/CwGpsUFLpFB/
1148,packedparty,https://www.instagram.com/reel/CwF-FPIgrAJ/
1149,packedparty,https://www.instagram.com/reel/CwEDZzRteMm/
1150,packedparty,https://www.instagram.com/reel/CwDNJ2kAxYu/
1151,packedparty,https://www.instagram.com/reel/CwBeo1xpNnM/
1152,packedparty,https://www.instagram.com/reel/CwAnsJyAuLZ/
1153,packedparty,https://www.instagram.com/reel/Cv-ELzhAfaI/
1154,packedparty,https://www.instagram.com/reel/Cv8iWHJv-vs/
1155,packedparty,https://www.instagram.com/reel/Cv7eNH8gnVL/
1156,tatocorgi,https://www.instagram.com/reel/CwJDjFgI52H/
1157,tatocorgi,https://www.instagram.com/reel/CwI4hi4vR1i/
1158,tatocorgi,https://www.instagram.com/reel/CwInajgr1ZS/
1159,tatocorgi,https://www.instagram.com/reel/CwDktvQuJ8B/
1160,tatocorgi,https://www.instagram.com/reel/CwDksD6uhYn/
1161,tatocorgi,https://www.instagram.com/reel/CwBh79boRRD/
1162,tatocorgi,https://www.instagram.com/reel/Cv-bGOKL-Y1/
1163,tatocorgi,https://www.instagram.com/reel/Cv7y0UErr84/
1164,tatocorgi,https://www.instagram.com/reel/Cv44Y47p5r4/
1165,tatocorgi,https://www.instagram.com/reel/Cv2pTFBJFnP/
1166,tatocorgi,https://www.instagram.com/reel/Cv2apq6OHr1/
1167,tatocorgi,https://www.instagram.com/reel/Cvz-1sQJRxt/
1168,roscoe.n.nico_thespoiledbritts,https://www.instagram.com/reel/CwMQpDKMTPP/
1169,roscoe.n.nico_thespoiledbritts,https://www.instagram.com/reel/CwJNPAQs8ps/
1170,roscoe.n.nico_thespoiledbritts,https://www.instagram.com/reel/Cv-zkHTAD0C/
1171,roscoe.n.nico_thespoiledbritts,https://www.instagram.com/reel/CsRHFcErtda/
1172,roscoe.n.nico_thespoiledbritts,https://www.instagram.com/reel/CsPi7SCrsbZ/
1173,roscoe.n.nico_thespoiledbritts,https://www.instagram.com/reel/CrrzzflrPyo/
1174,roscoe.n.nico_thespoiledbritts,https://www.instagram.com/reel/CrjK6GyAhHx/
1175,roscoe.n.nico_thespoiledbritts,https://www.instagram.com/reel/CpVJKqsAJ9r/
1176,roscoe.n.nico_thespoiledbritts,https://www.instagram.com/reel/CoDhFjWJZVf/
1177,roscoe.n.nico_thespoiledbritts,https://www.instagram.com/reel/CnpXNJDpSVx/
1178,roscoe.n.nico_thespoiledbritts,https://www.instagram.com/reel/CnYFruCJR5V/
1179,roscoe.n.nico_thespoiledbritts,https://www.instagram.com/reel/CnSt9dKpeDi/
1180,pawsitivemomentum,https://www.instagram.com/reel/CwCRNJFLSk_/
1181,pawsitivemomentum,https://www.instagram.com/reel/Cv8S-FHNDQM/
1182,pawsitivemomentum,https://www.instagram.com/reel/Cv6sKDERT7T/
1183,pawsitivemomentum,https://www.instagram.com/reel/Cv5bN8ZNOIJ/
1184,pawsitivemomentum,https://www.instagram.com/reel/CvsQmN2LP16/
1185,pawsitivemomentum,https://www.instagram.com/reel/CvsNNGfuykZ/
1186,pawsitivemomentum,https://www.instagram.com/reel/CvrBZlkNLKr/
1187,pawsitivemomentum,https://www.instagram.com/reel/CvfcCR-x_Zf/
1188,pawsitivemomentum,https://www.instagram.com/reel/Cvbx8czMM0c/
1189,pawsitivemomentum,https://www.instagram.com/reel/CvbuJ3kOdpj/
1190,pawsitivemomentum,https://www.instagram.com/reel/CvWetIFrU7e/
1191,pawsitivemomentum,https://www.instagram.com/reel/CvWd37yNv8w/
1192,dog.rescue_usa,https://www.instagram.com/reel/CvxZxxpPNKG/
1193,dog.rescue_usa,https://www.instagram.com/reel/CvvJhZ7vGoV/
1194,dog.rescue_usa,https://www.instagram.com/reel/CvuLd9QRjtd/
1195,dog.rescue_usa,https://www.instagram.com/reel/CviIdaXRlGs/
1196,dog.rescue_usa,https://www.instagram.com/reel/CvdGo1hOeCL/
1197,dog.rescue_usa,https://www.instagram.com/reel/Cvaii4Vgvgv/
1198,dog.rescue_usa,https://www.instagram.com/reel/CvXtV5OtNtb/
1199,dog.rescue_usa,https://www.instagram.com/reel/Ct37ff7sGkf/
1200,dog.rescue_usa,https://www.instagram.com/reel/CtHvso3LON4/
1201,dog.rescue_usa,https://www.instagram.com/reel/Csp0fZkNCPK/
1202,dog.rescue_usa,https://www.instagram.com/reel/CsYL82iJ9O1/
1203,dog.rescue_usa,https://www.instagram.com/reel/CsUCufgo0VA/
1204,bad__shah_____,https://www.instagram.com/reel/CwKp6FEMjW-/
1205,bad__shah_____,https://www.instagram.com/reel/CwFfKb2qryG/
1206,bad__shah_____,https://www.instagram.com/reel/Cvu0eKHAeLu/
1207,bad__shah_____,https://www.instagram.com/reel/CvubWDVKFt7/
1208,bad__shah_____,https://www.instagram.com/reel/CvtViVnqwDK/
1209,bad__shah_____,https://www.instagram.com/reel/CvsjHILqDP4/
1210,bad__shah_____,https://www.instagram.com/reel/Cvr1XFQKeT7/
1211,bad__shah_____,https://www.instagram.com/reel/Cvr1J0fK4GK/
1212,bad__shah_____,https://www.instagram.com/reel/CvrgKPWu7GZ/
1213,bad__shah_____,https://www.instagram.com/reel/CvrcBg_tNiZ/
1214,bad__shah_____,https://www.instagram.com/reel/Cvrb6uexlnh/
1215,bad__shah_____,https://www.instagram.com/reel/Cvqy7kSNKkA/
1216,entrepatas.training,https://www.instagram.com/reel/CvNqAJQt4_f/
1217,entrepatas.training,https://www.instagram.com/reel/CtpEEKNJyPS/
1218,entrepatas.training,https://www.instagram.com/reel/CqN82LjquYU/
1219,entrepatas.training,https://www.instagram.com/reel/Cpgu1Hljxks/
1220,entrepatas.training,https://www.instagram.com/reel/CpFuwq5q5SQ/
1221,entrepatas.training,https://www.instagram.com/reel/CozzA8RKK1q/
1222,entrepatas.training,https://www.instagram.com/reel/CoDm_xCDakO/
1223,entrepatas.training,https://www.instagram.com/reel/Cn5hQQFjBvY/
1224,entrepatas.training,https://www.instagram.com/reel/CnZvkYGKj-v/
1225,entrepatas.training,https://www.instagram.com/reel/CnTFhQhqn81/
1226,entrepatas.training,https://www.instagram.com/reel/CmurVFmqXIt/
1227,entrepatas.training,https://www.instagram.com/reel/CmrDo9RK1Ow/
1228,kattyashley_,https://www.instagram.com/reel/CwIsrTEOYgw/
1229,kattyashley_,https://www.instagram.com/reel/Cu2VGbrMbPd/
1230,kattyashley_,https://www.instagram.com/reel/Ct-FUqmuFN1/
1231,kattyashley_,https://www.instagram.com/reel/CsxWhVaMFB-/
1232,kattyashley_,https://www.instagram.com/reel/CsfUgbKtH9f/
1233,kattyashley_,https://www.instagram.com/reel/CsFOeWIJVna/
1234,kattyashley_,https://www.instagram.com/reel/Cr5GsclpUzt/
1235,kattyashley_,https://www.instagram.com/reel/CrzJIBUvppw/
1236,kattyashley_,https://www.instagram.com/reel/CrhchxnviBJ/
1237,kattyashley_,https://www.instagram.com/reel/Cq6vOWpJNKz/
1238,kattyashley_,https://www.instagram.com/reel/CqudBtAuJgd/
1239,kattyashley_,https://www.instagram.com/reel/CqOOA9ZtkAV/
